--
-- PostgreSQL database dump
--

-- Dumped from database version 14.10 (Ubuntu 14.10-1.pgdg22.04+1)
-- Dumped by pg_dump version 14.10 (Ubuntu 14.10-1.pgdg22.04+1)

SET statement_timeout = 0;
SET lock_timeout = 0;
SET idle_in_transaction_session_timeout = 0;
SET client_encoding = 'UTF8';
SET standard_conforming_strings = on;
SELECT pg_catalog.set_config('search_path', '', false);
SET check_function_bodies = false;
SET xmloption = content;
SET client_min_messages = warning;
SET row_security = off;

SET default_tablespace = '';

SET default_table_access_method = heap;

--
-- Name: auth_group; Type: TABLE; Schema: public; Owner: dev1
--

CREATE TABLE public.auth_group (
    id integer NOT NULL,
    name character varying(150) NOT NULL
);


ALTER TABLE public.auth_group OWNER TO dev1;

--
-- Name: auth_group_id_seq; Type: SEQUENCE; Schema: public; Owner: dev1
--

ALTER TABLE public.auth_group ALTER COLUMN id ADD GENERATED BY DEFAULT AS IDENTITY (
    SEQUENCE NAME public.auth_group_id_seq
    START WITH 1
    INCREMENT BY 1
    NO MINVALUE
    NO MAXVALUE
    CACHE 1
);


--
-- Name: auth_group_permissions; Type: TABLE; Schema: public; Owner: dev1
--

CREATE TABLE public.auth_group_permissions (
    id bigint NOT NULL,
    group_id integer NOT NULL,
    permission_id integer NOT NULL
);


ALTER TABLE public.auth_group_permissions OWNER TO dev1;

--
-- Name: auth_group_permissions_id_seq; Type: SEQUENCE; Schema: public; Owner: dev1
--

ALTER TABLE public.auth_group_permissions ALTER COLUMN id ADD GENERATED BY DEFAULT AS IDENTITY (
    SEQUENCE NAME public.auth_group_permissions_id_seq
    START WITH 1
    INCREMENT BY 1
    NO MINVALUE
    NO MAXVALUE
    CACHE 1
);


--
-- Name: auth_permission; Type: TABLE; Schema: public; Owner: dev1
--

CREATE TABLE public.auth_permission (
    id integer NOT NULL,
    name character varying(255) NOT NULL,
    content_type_id integer NOT NULL,
    codename character varying(100) NOT NULL
);


ALTER TABLE public.auth_permission OWNER TO dev1;

--
-- Name: auth_permission_id_seq; Type: SEQUENCE; Schema: public; Owner: dev1
--

ALTER TABLE public.auth_permission ALTER COLUMN id ADD GENERATED BY DEFAULT AS IDENTITY (
    SEQUENCE NAME public.auth_permission_id_seq
    START WITH 1
    INCREMENT BY 1
    NO MINVALUE
    NO MAXVALUE
    CACHE 1
);


--
-- Name: authtoken_token; Type: TABLE; Schema: public; Owner: dev1
--

CREATE TABLE public.authtoken_token (
    key character varying(40) NOT NULL,
    created timestamp with time zone NOT NULL,
    user_id bigint NOT NULL
);


ALTER TABLE public.authtoken_token OWNER TO dev1;

--
-- Name: django_admin_log; Type: TABLE; Schema: public; Owner: dev1
--

CREATE TABLE public.django_admin_log (
    id integer NOT NULL,
    action_time timestamp with time zone NOT NULL,
    object_id text,
    object_repr character varying(200) NOT NULL,
    action_flag smallint NOT NULL,
    change_message text NOT NULL,
    content_type_id integer,
    user_id bigint NOT NULL,
    CONSTRAINT django_admin_log_action_flag_check CHECK ((action_flag >= 0))
);


ALTER TABLE public.django_admin_log OWNER TO dev1;

--
-- Name: django_admin_log_id_seq; Type: SEQUENCE; Schema: public; Owner: dev1
--

ALTER TABLE public.django_admin_log ALTER COLUMN id ADD GENERATED BY DEFAULT AS IDENTITY (
    SEQUENCE NAME public.django_admin_log_id_seq
    START WITH 1
    INCREMENT BY 1
    NO MINVALUE
    NO MAXVALUE
    CACHE 1
);


--
-- Name: django_content_type; Type: TABLE; Schema: public; Owner: dev1
--

CREATE TABLE public.django_content_type (
    id integer NOT NULL,
    app_label character varying(100) NOT NULL,
    model character varying(100) NOT NULL
);


ALTER TABLE public.django_content_type OWNER TO dev1;

--
-- Name: django_content_type_id_seq; Type: SEQUENCE; Schema: public; Owner: dev1
--

ALTER TABLE public.django_content_type ALTER COLUMN id ADD GENERATED BY DEFAULT AS IDENTITY (
    SEQUENCE NAME public.django_content_type_id_seq
    START WITH 1
    INCREMENT BY 1
    NO MINVALUE
    NO MAXVALUE
    CACHE 1
);


--
-- Name: django_migrations; Type: TABLE; Schema: public; Owner: dev1
--

CREATE TABLE public.django_migrations (
    id bigint NOT NULL,
    app character varying(255) NOT NULL,
    name character varying(255) NOT NULL,
    applied timestamp with time zone NOT NULL
);


ALTER TABLE public.django_migrations OWNER TO dev1;

--
-- Name: django_migrations_id_seq; Type: SEQUENCE; Schema: public; Owner: dev1
--

ALTER TABLE public.django_migrations ALTER COLUMN id ADD GENERATED BY DEFAULT AS IDENTITY (
    SEQUENCE NAME public.django_migrations_id_seq
    START WITH 1
    INCREMENT BY 1
    NO MINVALUE
    NO MAXVALUE
    CACHE 1
);


--
-- Name: django_session; Type: TABLE; Schema: public; Owner: dev1
--

CREATE TABLE public.django_session (
    session_key character varying(40) NOT NULL,
    session_data text NOT NULL,
    expire_date timestamp with time zone NOT NULL
);


ALTER TABLE public.django_session OWNER TO dev1;

--
-- Name: prompts_aiillustrationprompt; Type: TABLE; Schema: public; Owner: dev1
--

CREATE TABLE public.prompts_aiillustrationprompt (
    id bigint NOT NULL,
    prompt jsonb NOT NULL,
    created_at timestamp with time zone NOT NULL,
    is_active boolean NOT NULL,
    story_id bigint
);


ALTER TABLE public.prompts_aiillustrationprompt OWNER TO dev1;

--
-- Name: prompts_aiillustrationprompt_id_seq; Type: SEQUENCE; Schema: public; Owner: dev1
--

ALTER TABLE public.prompts_aiillustrationprompt ALTER COLUMN id ADD GENERATED BY DEFAULT AS IDENTITY (
    SEQUENCE NAME public.prompts_aiillustrationprompt_id_seq
    START WITH 1
    INCREMENT BY 1
    NO MINVALUE
    NO MAXVALUE
    CACHE 1
);


--
-- Name: prompts_leadingquestion; Type: TABLE; Schema: public; Owner: dev1
--

CREATE TABLE public.prompts_leadingquestion (
    id bigint NOT NULL,
    data jsonb NOT NULL
);


ALTER TABLE public.prompts_leadingquestion OWNER TO dev1;

--
-- Name: prompts_leadingquestion_id_seq; Type: SEQUENCE; Schema: public; Owner: dev1
--

ALTER TABLE public.prompts_leadingquestion ALTER COLUMN id ADD GENERATED BY DEFAULT AS IDENTITY (
    SEQUENCE NAME public.prompts_leadingquestion_id_seq
    START WITH 1
    INCREMENT BY 1
    NO MINVALUE
    NO MAXVALUE
    CACHE 1
);


--
-- Name: prompts_promptrecord; Type: TABLE; Schema: public; Owner: dev1
--

CREATE TABLE public.prompts_promptrecord (
    id bigint NOT NULL,
    prompt character varying(500) NOT NULL,
    image character varying(100),
    illustration_prompt_id bigint NOT NULL,
    created_at timestamp with time zone NOT NULL,
    email character varying(500)
);


ALTER TABLE public.prompts_promptrecord OWNER TO dev1;

--
-- Name: prompts_promptrecord_id_seq; Type: SEQUENCE; Schema: public; Owner: dev1
--

ALTER TABLE public.prompts_promptrecord ALTER COLUMN id ADD GENERATED BY DEFAULT AS IDENTITY (
    SEQUENCE NAME public.prompts_promptrecord_id_seq
    START WITH 1
    INCREMENT BY 1
    NO MINVALUE
    NO MAXVALUE
    CACHE 1
);


--
-- Name: prompts_storystructure; Type: TABLE; Schema: public; Owner: dev1
--

CREATE TABLE public.prompts_storystructure (
    id bigint NOT NULL,
    line jsonb NOT NULL,
    leading_question_id bigint,
    name character varying(255),
    created_at timestamp with time zone NOT NULL,
    is_active boolean NOT NULL
);


ALTER TABLE public.prompts_storystructure OWNER TO dev1;

--
-- Name: prompts_storystructure_id_seq; Type: SEQUENCE; Schema: public; Owner: dev1
--

ALTER TABLE public.prompts_storystructure ALTER COLUMN id ADD GENERATED BY DEFAULT AS IDENTITY (
    SEQUENCE NAME public.prompts_storystructure_id_seq
    START WITH 1
    INCREMENT BY 1
    NO MINVALUE
    NO MAXVALUE
    CACHE 1
);


--
-- Name: user_user; Type: TABLE; Schema: public; Owner: dev1
--

CREATE TABLE public.user_user (
    id bigint NOT NULL,
    password character varying(128) NOT NULL,
    last_login timestamp with time zone,
    is_superuser boolean NOT NULL,
    first_name character varying(150) NOT NULL,
    last_name character varying(150) NOT NULL,
    is_staff boolean NOT NULL,
    is_active boolean NOT NULL,
    date_joined timestamp with time zone NOT NULL,
    email character varying(254) NOT NULL
);


ALTER TABLE public.user_user OWNER TO dev1;

--
-- Name: user_user_groups; Type: TABLE; Schema: public; Owner: dev1
--

CREATE TABLE public.user_user_groups (
    id bigint NOT NULL,
    user_id bigint NOT NULL,
    group_id integer NOT NULL
);


ALTER TABLE public.user_user_groups OWNER TO dev1;

--
-- Name: user_user_groups_id_seq; Type: SEQUENCE; Schema: public; Owner: dev1
--

ALTER TABLE public.user_user_groups ALTER COLUMN id ADD GENERATED BY DEFAULT AS IDENTITY (
    SEQUENCE NAME public.user_user_groups_id_seq
    START WITH 1
    INCREMENT BY 1
    NO MINVALUE
    NO MAXVALUE
    CACHE 1
);


--
-- Name: user_user_id_seq; Type: SEQUENCE; Schema: public; Owner: dev1
--

ALTER TABLE public.user_user ALTER COLUMN id ADD GENERATED BY DEFAULT AS IDENTITY (
    SEQUENCE NAME public.user_user_id_seq
    START WITH 1
    INCREMENT BY 1
    NO MINVALUE
    NO MAXVALUE
    CACHE 1
);


--
-- Name: user_user_user_permissions; Type: TABLE; Schema: public; Owner: dev1
--

CREATE TABLE public.user_user_user_permissions (
    id bigint NOT NULL,
    user_id bigint NOT NULL,
    permission_id integer NOT NULL
);


ALTER TABLE public.user_user_user_permissions OWNER TO dev1;

--
-- Name: user_user_user_permissions_id_seq; Type: SEQUENCE; Schema: public; Owner: dev1
--

ALTER TABLE public.user_user_user_permissions ALTER COLUMN id ADD GENERATED BY DEFAULT AS IDENTITY (
    SEQUENCE NAME public.user_user_user_permissions_id_seq
    START WITH 1
    INCREMENT BY 1
    NO MINVALUE
    NO MAXVALUE
    CACHE 1
);


--
-- Data for Name: auth_group; Type: TABLE DATA; Schema: public; Owner: dev1
--

COPY public.auth_group (id, name) FROM stdin;
\.


--
-- Data for Name: auth_group_permissions; Type: TABLE DATA; Schema: public; Owner: dev1
--

COPY public.auth_group_permissions (id, group_id, permission_id) FROM stdin;
\.


--
-- Data for Name: auth_permission; Type: TABLE DATA; Schema: public; Owner: dev1
--

COPY public.auth_permission (id, name, content_type_id, codename) FROM stdin;
1	Can add log entry	1	add_logentry
2	Can change log entry	1	change_logentry
3	Can delete log entry	1	delete_logentry
4	Can view log entry	1	view_logentry
5	Can add permission	2	add_permission
6	Can change permission	2	change_permission
7	Can delete permission	2	delete_permission
8	Can view permission	2	view_permission
9	Can add group	3	add_group
10	Can change group	3	change_group
11	Can delete group	3	delete_group
12	Can view group	3	view_group
13	Can add content type	4	add_contenttype
14	Can change content type	4	change_contenttype
15	Can delete content type	4	delete_contenttype
16	Can view content type	4	view_contenttype
17	Can add session	5	add_session
18	Can change session	5	change_session
19	Can delete session	5	delete_session
20	Can view session	5	view_session
21	Can add Token	6	add_token
22	Can change Token	6	change_token
23	Can delete Token	6	delete_token
24	Can view Token	6	view_token
25	Can add token	7	add_tokenproxy
26	Can change token	7	change_tokenproxy
27	Can delete token	7	delete_tokenproxy
28	Can view token	7	view_tokenproxy
29	Can add ai illustration prompt	8	add_aiillustrationprompt
30	Can change ai illustration prompt	8	change_aiillustrationprompt
31	Can delete ai illustration prompt	8	delete_aiillustrationprompt
32	Can view ai illustration prompt	8	view_aiillustrationprompt
33	Can add leading question	9	add_leadingquestion
34	Can change leading question	9	change_leadingquestion
35	Can delete leading question	9	delete_leadingquestion
36	Can view leading question	9	view_leadingquestion
37	Can add story structure	10	add_storystructure
38	Can change story structure	10	change_storystructure
39	Can delete story structure	10	delete_storystructure
40	Can view story structure	10	view_storystructure
41	Can add prompt record	11	add_promptrecord
42	Can change prompt record	11	change_promptrecord
43	Can delete prompt record	11	delete_promptrecord
44	Can view prompt record	11	view_promptrecord
45	Can add user	12	add_user
46	Can change user	12	change_user
47	Can delete user	12	delete_user
48	Can view user	12	view_user
\.


--
-- Data for Name: authtoken_token; Type: TABLE DATA; Schema: public; Owner: dev1
--

COPY public.authtoken_token (key, created, user_id) FROM stdin;
288d010d11728e5723ed505c09728efb7731924e	2023-05-28 16:52:41.977348+02	1
032a853f58f123903ed39b89a76d562cad6fc33b	2023-05-29 08:46:43.730133+02	2
6da005ca2f2a98055677a065da962f59b6be1135	2023-06-23 18:23:21.392955+02	3
\.


--
-- Data for Name: django_admin_log; Type: TABLE DATA; Schema: public; Owner: dev1
--

COPY public.django_admin_log (id, action_time, object_id, object_repr, action_flag, change_message, content_type_id, user_id) FROM stdin;
1	2023-05-30 10:59:57.290686+02	2	StoryStructure object (2)	3		9	1
2	2023-05-30 20:32:21.268115+02	3	StoryStructure object (3)	3		10	1
3	2023-05-31 10:46:59.970395+02	4	StoryStructure object (4)	2	[{"changed": {"fields": ["Line"]}}]	10	1
4	2023-07-08 17:26:40.058927+02	1	StoryStructure object (1)	2	[{"changed": {"fields": ["Name"]}}]	10	1
5	2023-07-08 17:28:36.087216+02	1	StoryStructure object (1)	2	[{"changed": {"fields": ["Name"]}}]	10	1
6	2023-07-08 17:28:42.749977+02	1	StoryStructure object (1)	2	[{"changed": {"fields": ["Name"]}}]	10	1
7	2023-07-09 10:05:08.065571+02	1	AiIllustrationPrompt object (1)	2	[{"changed": {"fields": ["Story"]}}]	8	1
8	2023-07-09 10:05:15.206092+02	2	AiIllustrationPrompt object (2)	2	[]	8	1
9	2023-07-09 10:05:22.498392+02	3	AiIllustrationPrompt object (3)	2	[]	8	1
10	2023-07-09 10:05:28.4545+02	6	AiIllustrationPrompt object (6)	2	[]	8	1
11	2023-07-09 10:05:35.486442+02	4	AiIllustrationPrompt object (4)	2	[]	8	1
12	2023-07-09 10:05:42.7266+02	5	AiIllustrationPrompt object (5)	2	[]	8	1
13	2023-07-09 10:05:48.568204+02	8	AiIllustrationPrompt object (8)	2	[]	8	1
14	2023-07-09 10:05:54.437569+02	9	AiIllustrationPrompt object (9)	2	[]	8	1
15	2023-07-09 10:06:01.325689+02	12	AiIllustrationPrompt object (12)	2	[]	8	1
16	2023-07-09 10:06:09.267461+02	11	AiIllustrationPrompt object (11)	2	[]	8	1
17	2023-07-14 23:28:15.770557+02	16	StoryStructure object (16)	3		10	1
18	2024-01-21 09:38:52.520901+01	250	PromptRecord object (250)	3		11	4
19	2024-01-21 09:38:52.525617+01	249	PromptRecord object (249)	3		11	4
20	2024-01-21 09:38:52.527215+01	248	PromptRecord object (248)	3		11	4
21	2024-01-21 09:38:52.528808+01	247	PromptRecord object (247)	3		11	4
22	2024-01-21 09:38:52.530394+01	246	PromptRecord object (246)	3		11	4
23	2024-01-21 09:38:52.531881+01	245	PromptRecord object (245)	3		11	4
24	2024-01-21 09:38:52.53335+01	244	PromptRecord object (244)	3		11	4
25	2024-01-21 09:38:52.534823+01	243	PromptRecord object (243)	3		11	4
26	2024-01-21 09:38:52.536253+01	242	PromptRecord object (242)	3		11	4
27	2024-01-21 09:38:52.537835+01	241	PromptRecord object (241)	3		11	4
28	2024-01-21 09:38:52.539652+01	240	PromptRecord object (240)	3		11	4
29	2024-01-21 09:38:52.541134+01	239	PromptRecord object (239)	3		11	4
30	2024-01-21 09:38:52.542725+01	238	PromptRecord object (238)	3		11	4
31	2024-01-21 09:38:52.544231+01	237	PromptRecord object (237)	3		11	4
32	2024-01-21 09:38:52.545801+01	236	PromptRecord object (236)	3		11	4
33	2024-01-21 09:38:52.54771+01	235	PromptRecord object (235)	3		11	4
34	2024-01-21 09:38:52.549281+01	234	PromptRecord object (234)	3		11	4
35	2024-01-21 09:38:52.550842+01	233	PromptRecord object (233)	3		11	4
36	2024-01-21 09:38:52.552458+01	232	PromptRecord object (232)	3		11	4
37	2024-01-21 09:38:52.554018+01	231	PromptRecord object (231)	3		11	4
38	2024-01-21 09:38:52.555741+01	230	PromptRecord object (230)	3		11	4
39	2024-01-21 09:38:52.557134+01	229	PromptRecord object (229)	3		11	4
40	2024-01-21 09:38:52.55875+01	228	PromptRecord object (228)	3		11	4
41	2024-01-21 09:38:52.560239+01	227	PromptRecord object (227)	3		11	4
42	2024-01-21 09:38:52.561641+01	226	PromptRecord object (226)	3		11	4
43	2024-01-21 09:38:52.562967+01	225	PromptRecord object (225)	3		11	4
44	2024-01-21 09:38:52.564285+01	224	PromptRecord object (224)	3		11	4
45	2024-01-21 09:38:52.56593+01	223	PromptRecord object (223)	3		11	4
46	2024-01-21 09:38:52.567825+01	222	PromptRecord object (222)	3		11	4
47	2024-01-21 09:38:52.56979+01	221	PromptRecord object (221)	3		11	4
48	2024-01-21 09:38:52.5713+01	220	PromptRecord object (220)	3		11	4
49	2024-01-21 09:38:52.572896+01	219	PromptRecord object (219)	3		11	4
50	2024-01-21 09:38:52.574728+01	218	PromptRecord object (218)	3		11	4
51	2024-01-21 09:38:52.57636+01	217	PromptRecord object (217)	3		11	4
52	2024-01-21 09:38:52.577909+01	216	PromptRecord object (216)	3		11	4
53	2024-01-21 09:38:52.579597+01	215	PromptRecord object (215)	3		11	4
54	2024-01-21 09:38:52.581105+01	214	PromptRecord object (214)	3		11	4
55	2024-01-21 09:38:52.582755+01	213	PromptRecord object (213)	3		11	4
56	2024-01-21 09:38:52.584372+01	212	PromptRecord object (212)	3		11	4
57	2024-01-21 09:38:52.585866+01	211	PromptRecord object (211)	3		11	4
58	2024-01-21 09:38:52.587822+01	210	PromptRecord object (210)	3		11	4
59	2024-01-21 09:38:52.589336+01	209	PromptRecord object (209)	3		11	4
60	2024-01-21 09:38:52.591028+01	208	PromptRecord object (208)	3		11	4
61	2024-01-21 09:38:52.592567+01	207	PromptRecord object (207)	3		11	4
62	2024-01-21 09:38:52.594073+01	206	PromptRecord object (206)	3		11	4
63	2024-01-21 09:38:52.595562+01	205	PromptRecord object (205)	3		11	4
64	2024-01-21 09:38:52.597074+01	204	PromptRecord object (204)	3		11	4
65	2024-01-21 09:38:52.598595+01	203	PromptRecord object (203)	3		11	4
66	2024-01-21 09:38:52.600084+01	202	PromptRecord object (202)	3		11	4
67	2024-01-21 09:38:52.601588+01	201	PromptRecord object (201)	3		11	4
68	2024-01-21 09:38:52.6031+01	200	PromptRecord object (200)	3		11	4
69	2024-01-21 09:38:52.604677+01	199	PromptRecord object (199)	3		11	4
70	2024-01-21 09:38:52.606175+01	198	PromptRecord object (198)	3		11	4
71	2024-01-21 09:38:52.607693+01	197	PromptRecord object (197)	3		11	4
72	2024-01-21 09:38:52.60935+01	196	PromptRecord object (196)	3		11	4
73	2024-01-21 09:38:52.610995+01	195	PromptRecord object (195)	3		11	4
74	2024-01-21 09:38:52.612527+01	194	PromptRecord object (194)	3		11	4
75	2024-01-21 09:38:52.61404+01	193	PromptRecord object (193)	3		11	4
76	2024-01-21 09:38:52.615625+01	192	PromptRecord object (192)	3		11	4
77	2024-01-21 09:38:52.617142+01	191	PromptRecord object (191)	3		11	4
78	2024-01-21 09:38:52.618637+01	190	PromptRecord object (190)	3		11	4
79	2024-01-21 09:38:52.62005+01	189	PromptRecord object (189)	3		11	4
80	2024-01-21 09:38:52.621533+01	188	PromptRecord object (188)	3		11	4
81	2024-01-21 09:38:52.62315+01	187	PromptRecord object (187)	3		11	4
82	2024-01-21 09:38:52.624947+01	186	PromptRecord object (186)	3		11	4
83	2024-01-21 09:38:52.626678+01	185	PromptRecord object (185)	3		11	4
84	2024-01-21 09:38:52.628222+01	184	PromptRecord object (184)	3		11	4
85	2024-01-21 09:38:52.629733+01	183	PromptRecord object (183)	3		11	4
86	2024-01-21 09:38:52.63128+01	182	PromptRecord object (182)	3		11	4
87	2024-01-21 09:38:52.632769+01	181	PromptRecord object (181)	3		11	4
88	2024-01-21 09:38:52.634485+01	180	PromptRecord object (180)	3		11	4
89	2024-01-21 09:38:52.635932+01	179	PromptRecord object (179)	3		11	4
90	2024-01-21 09:38:52.637326+01	178	PromptRecord object (178)	3		11	4
91	2024-01-21 09:38:52.638971+01	177	PromptRecord object (177)	3		11	4
92	2024-01-21 09:38:52.640601+01	176	PromptRecord object (176)	3		11	4
93	2024-01-21 09:38:52.642248+01	175	PromptRecord object (175)	3		11	4
94	2024-01-21 09:38:52.643651+01	174	PromptRecord object (174)	3		11	4
95	2024-01-21 09:38:52.644948+01	173	PromptRecord object (173)	3		11	4
96	2024-01-21 09:38:52.646303+01	172	PromptRecord object (172)	3		11	4
97	2024-01-21 09:38:52.647618+01	171	PromptRecord object (171)	3		11	4
98	2024-01-21 09:38:52.648924+01	170	PromptRecord object (170)	3		11	4
99	2024-01-21 09:38:52.650237+01	169	PromptRecord object (169)	3		11	4
100	2024-01-21 09:38:52.651556+01	168	PromptRecord object (168)	3		11	4
101	2024-01-21 09:38:52.652862+01	167	PromptRecord object (167)	3		11	4
102	2024-01-21 09:38:52.654279+01	166	PromptRecord object (166)	3		11	4
103	2024-01-21 09:38:52.655575+01	165	PromptRecord object (165)	3		11	4
104	2024-01-21 09:38:52.656869+01	164	PromptRecord object (164)	3		11	4
105	2024-01-21 09:38:52.65821+01	163	PromptRecord object (163)	3		11	4
106	2024-01-21 09:38:52.659563+01	162	PromptRecord object (162)	3		11	4
107	2024-01-21 09:38:52.660884+01	161	PromptRecord object (161)	3		11	4
108	2024-01-21 09:38:52.662162+01	160	PromptRecord object (160)	3		11	4
109	2024-01-21 09:38:52.663476+01	159	PromptRecord object (159)	3		11	4
110	2024-01-21 09:38:52.664869+01	158	PromptRecord object (158)	3		11	4
111	2024-01-21 09:38:52.666268+01	157	PromptRecord object (157)	3		11	4
112	2024-01-21 09:38:52.667654+01	156	PromptRecord object (156)	3		11	4
113	2024-01-21 09:38:52.669012+01	155	PromptRecord object (155)	3		11	4
114	2024-01-21 09:38:52.670278+01	154	PromptRecord object (154)	3		11	4
115	2024-01-21 09:38:52.671594+01	153	PromptRecord object (153)	3		11	4
116	2024-01-21 09:38:52.673069+01	152	PromptRecord object (152)	3		11	4
117	2024-01-21 09:38:52.674481+01	151	PromptRecord object (151)	3		11	4
118	2024-01-21 09:38:52.675854+01	150	PromptRecord object (150)	3		11	4
119	2024-01-21 09:38:52.677327+01	149	PromptRecord object (149)	3		11	4
120	2024-01-21 09:38:52.679108+01	148	PromptRecord object (148)	3		11	4
121	2024-01-21 09:38:52.680873+01	147	PromptRecord object (147)	3		11	4
122	2024-01-21 09:38:52.682792+01	146	PromptRecord object (146)	3		11	4
123	2024-01-21 09:38:52.684643+01	145	PromptRecord object (145)	3		11	4
124	2024-01-21 09:38:52.686544+01	144	PromptRecord object (144)	3		11	4
125	2024-01-21 09:38:52.688588+01	143	PromptRecord object (143)	3		11	4
126	2024-01-21 09:38:52.690579+01	141	PromptRecord object (141)	3		11	4
127	2024-01-21 09:38:52.692022+01	140	PromptRecord object (140)	3		11	4
128	2024-01-21 09:38:52.693402+01	139	PromptRecord object (139)	3		11	4
129	2024-01-21 09:38:52.694926+01	138	PromptRecord object (138)	3		11	4
130	2024-01-21 09:38:52.696605+01	137	PromptRecord object (137)	3		11	4
131	2024-01-21 09:38:52.698223+01	136	PromptRecord object (136)	3		11	4
132	2024-01-21 09:38:52.699702+01	135	PromptRecord object (135)	3		11	4
133	2024-01-21 09:38:52.701214+01	134	PromptRecord object (134)	3		11	4
134	2024-01-21 09:38:52.70289+01	133	PromptRecord object (133)	3		11	4
135	2024-01-21 09:38:52.7046+01	132	PromptRecord object (132)	3		11	4
136	2024-01-21 09:38:52.706312+01	131	PromptRecord object (131)	3		11	4
137	2024-01-21 09:38:52.707897+01	130	PromptRecord object (130)	3		11	4
138	2024-01-21 09:38:52.709471+01	129	PromptRecord object (129)	3		11	4
139	2024-01-21 09:38:52.711286+01	128	PromptRecord object (128)	3		11	4
140	2024-01-21 09:38:52.713016+01	127	PromptRecord object (127)	3		11	4
141	2024-01-21 09:38:52.714612+01	126	PromptRecord object (126)	3		11	4
142	2024-01-21 09:38:52.716172+01	125	PromptRecord object (125)	3		11	4
143	2024-01-21 09:38:52.717607+01	124	PromptRecord object (124)	3		11	4
144	2024-01-21 09:38:52.719177+01	123	PromptRecord object (123)	3		11	4
145	2024-01-21 09:38:52.720683+01	122	PromptRecord object (122)	3		11	4
146	2024-01-21 09:38:52.722367+01	121	PromptRecord object (121)	3		11	4
147	2024-01-21 09:38:52.723894+01	120	PromptRecord object (120)	3		11	4
148	2024-01-21 09:38:52.725391+01	119	PromptRecord object (119)	3		11	4
149	2024-01-21 09:38:52.727159+01	118	PromptRecord object (118)	3		11	4
150	2024-01-21 09:38:52.728698+01	117	PromptRecord object (117)	3		11	4
151	2024-01-21 09:38:52.730184+01	116	PromptRecord object (116)	3		11	4
152	2024-01-21 09:38:52.731655+01	115	PromptRecord object (115)	3		11	4
153	2024-01-21 09:38:52.733167+01	114	PromptRecord object (114)	3		11	4
154	2024-01-21 09:38:52.734572+01	113	PromptRecord object (113)	3		11	4
155	2024-01-21 09:38:52.735991+01	112	PromptRecord object (112)	3		11	4
156	2024-01-21 09:38:52.737424+01	111	PromptRecord object (111)	3		11	4
157	2024-01-21 09:38:52.739175+01	110	PromptRecord object (110)	3		11	4
158	2024-01-21 09:38:52.740649+01	109	PromptRecord object (109)	3		11	4
159	2024-01-21 09:38:52.742147+01	108	PromptRecord object (108)	3		11	4
160	2024-01-21 09:38:52.743568+01	107	PromptRecord object (107)	3		11	4
161	2024-01-21 09:38:52.745189+01	106	PromptRecord object (106)	3		11	4
162	2024-01-21 09:38:52.747153+01	105	PromptRecord object (105)	3		11	4
163	2024-01-21 09:38:52.748624+01	104	PromptRecord object (104)	3		11	4
164	2024-01-21 09:38:52.750285+01	103	PromptRecord object (103)	3		11	4
165	2024-01-21 09:38:52.751939+01	102	PromptRecord object (102)	3		11	4
166	2024-01-21 09:38:52.753549+01	101	PromptRecord object (101)	3		11	4
167	2024-01-21 09:38:52.755214+01	100	PromptRecord object (100)	3		11	4
168	2024-01-21 09:38:52.75675+01	99	PromptRecord object (99)	3		11	4
169	2024-01-21 09:38:52.758219+01	98	PromptRecord object (98)	3		11	4
170	2024-01-21 09:38:52.759948+01	97	PromptRecord object (97)	3		11	4
171	2024-01-21 09:38:52.76144+01	96	PromptRecord object (96)	3		11	4
172	2024-01-21 09:38:52.763233+01	95	PromptRecord object (95)	3		11	4
173	2024-01-21 09:38:52.764709+01	94	PromptRecord object (94)	3		11	4
174	2024-01-21 09:38:52.76641+01	93	PromptRecord object (93)	3		11	4
175	2024-01-21 09:38:52.768039+01	92	PromptRecord object (92)	3		11	4
176	2024-01-21 09:38:52.769573+01	91	PromptRecord object (91)	3		11	4
177	2024-01-21 09:38:52.771308+01	90	PromptRecord object (90)	3		11	4
178	2024-01-21 09:38:52.773198+01	89	PromptRecord object (89)	3		11	4
179	2024-01-21 09:38:52.774951+01	88	PromptRecord object (88)	3		11	4
180	2024-01-21 09:38:52.776484+01	87	PromptRecord object (87)	3		11	4
181	2024-01-21 09:38:52.777987+01	86	PromptRecord object (86)	3		11	4
182	2024-01-21 09:38:52.779532+01	85	PromptRecord object (85)	3		11	4
183	2024-01-21 09:38:52.781245+01	84	PromptRecord object (84)	3		11	4
184	2024-01-21 09:38:52.78288+01	83	PromptRecord object (83)	3		11	4
185	2024-01-21 09:38:52.784435+01	82	PromptRecord object (82)	3		11	4
186	2024-01-21 09:38:52.786047+01	81	PromptRecord object (81)	3		11	4
187	2024-01-21 09:38:52.787601+01	80	PromptRecord object (80)	3		11	4
188	2024-01-21 09:38:52.789286+01	79	PromptRecord object (79)	3		11	4
189	2024-01-21 09:38:52.791229+01	78	PromptRecord object (78)	3		11	4
190	2024-01-21 09:38:52.792749+01	77	PromptRecord object (77)	3		11	4
191	2024-01-21 09:38:52.794258+01	76	PromptRecord object (76)	3		11	4
192	2024-01-21 09:38:52.795702+01	75	PromptRecord object (75)	3		11	4
193	2024-01-21 09:38:52.797086+01	74	PromptRecord object (74)	3		11	4
194	2024-01-21 09:38:52.798513+01	73	PromptRecord object (73)	3		11	4
195	2024-01-21 09:38:52.799853+01	72	PromptRecord object (72)	3		11	4
196	2024-01-21 09:38:52.801254+01	71	PromptRecord object (71)	3		11	4
197	2024-01-21 09:38:52.802627+01	70	PromptRecord object (70)	3		11	4
198	2024-01-21 09:38:52.803972+01	69	PromptRecord object (69)	3		11	4
199	2024-01-21 09:38:52.805293+01	68	PromptRecord object (68)	3		11	4
200	2024-01-21 09:38:52.806722+01	67	PromptRecord object (67)	3		11	4
201	2024-01-21 09:38:52.808129+01	66	PromptRecord object (66)	3		11	4
202	2024-01-21 09:38:52.809521+01	65	PromptRecord object (65)	3		11	4
203	2024-01-21 09:38:52.810901+01	64	PromptRecord object (64)	3		11	4
204	2024-01-21 09:38:52.812274+01	63	PromptRecord object (63)	3		11	4
205	2024-01-21 09:38:52.813624+01	62	PromptRecord object (62)	3		11	4
206	2024-01-21 09:38:52.814998+01	61	PromptRecord object (61)	3		11	4
207	2024-01-21 09:38:52.816394+01	60	PromptRecord object (60)	3		11	4
208	2024-01-21 09:38:52.817731+01	59	PromptRecord object (59)	3		11	4
209	2024-01-21 09:38:52.819123+01	58	PromptRecord object (58)	3		11	4
210	2024-01-21 09:38:52.82052+01	57	PromptRecord object (57)	3		11	4
211	2024-01-21 09:38:52.82193+01	56	PromptRecord object (56)	3		11	4
212	2024-01-21 09:38:52.823444+01	55	PromptRecord object (55)	3		11	4
213	2024-01-21 09:38:52.824857+01	54	PromptRecord object (54)	3		11	4
214	2024-01-21 09:38:52.826265+01	53	PromptRecord object (53)	3		11	4
215	2024-01-21 09:38:52.827596+01	52	PromptRecord object (52)	3		11	4
216	2024-01-21 09:38:52.828908+01	51	PromptRecord object (51)	3		11	4
217	2024-01-21 09:38:52.830307+01	50	PromptRecord object (50)	3		11	4
218	2024-01-21 09:38:52.831603+01	49	PromptRecord object (49)	3		11	4
219	2024-01-21 09:38:52.834296+01	48	PromptRecord object (48)	3		11	4
220	2024-01-21 09:38:52.835714+01	47	PromptRecord object (47)	3		11	4
221	2024-01-21 09:38:52.837106+01	46	PromptRecord object (46)	3		11	4
222	2024-01-21 09:38:52.838602+01	45	PromptRecord object (45)	3		11	4
223	2024-01-21 09:38:52.840015+01	44	PromptRecord object (44)	3		11	4
224	2024-01-21 09:38:52.841405+01	43	PromptRecord object (43)	3		11	4
225	2024-01-21 09:38:52.842784+01	42	PromptRecord object (42)	3		11	4
226	2024-01-21 09:38:52.844132+01	41	PromptRecord object (41)	3		11	4
227	2024-01-21 09:38:52.845489+01	40	PromptRecord object (40)	3		11	4
228	2024-01-21 09:38:52.846823+01	39	PromptRecord object (39)	3		11	4
229	2024-01-21 09:38:52.848118+01	38	PromptRecord object (38)	3		11	4
230	2024-01-21 09:38:52.849454+01	37	PromptRecord object (37)	3		11	4
231	2024-01-21 09:38:52.850797+01	36	PromptRecord object (36)	3		11	4
232	2024-01-21 09:38:52.852172+01	35	PromptRecord object (35)	3		11	4
233	2024-01-21 09:38:52.853544+01	34	PromptRecord object (34)	3		11	4
234	2024-01-21 09:38:52.854912+01	33	PromptRecord object (33)	3		11	4
235	2024-01-21 09:38:52.856305+01	32	PromptRecord object (32)	3		11	4
236	2024-01-21 09:38:52.857661+01	31	PromptRecord object (31)	3		11	4
237	2024-01-21 09:38:52.859038+01	30	PromptRecord object (30)	3		11	4
238	2024-01-21 09:38:52.860429+01	29	PromptRecord object (29)	3		11	4
239	2024-01-21 09:38:52.861765+01	28	PromptRecord object (28)	3		11	4
240	2024-01-21 09:38:52.863107+01	27	PromptRecord object (27)	3		11	4
241	2024-01-21 09:38:52.864459+01	26	PromptRecord object (26)	3		11	4
242	2024-01-21 09:38:52.865789+01	25	PromptRecord object (25)	3		11	4
243	2024-01-21 09:38:52.867189+01	24	PromptRecord object (24)	3		11	4
244	2024-01-21 09:38:52.868577+01	23	PromptRecord object (23)	3		11	4
245	2024-01-21 09:38:52.869877+01	22	PromptRecord object (22)	3		11	4
246	2024-01-21 09:38:52.871241+01	21	PromptRecord object (21)	3		11	4
247	2024-01-21 09:38:52.872632+01	20	PromptRecord object (20)	3		11	4
248	2024-01-21 09:38:52.873978+01	19	PromptRecord object (19)	3		11	4
249	2024-01-21 09:38:52.875283+01	18	PromptRecord object (18)	3		11	4
250	2024-01-21 09:38:52.876605+01	17	PromptRecord object (17)	3		11	4
251	2024-01-21 09:38:52.877937+01	16	PromptRecord object (16)	3		11	4
252	2024-01-21 09:38:52.879259+01	15	PromptRecord object (15)	3		11	4
253	2024-01-21 09:38:52.880597+01	14	PromptRecord object (14)	3		11	4
254	2024-01-21 09:38:52.881886+01	13	PromptRecord object (13)	3		11	4
255	2024-01-21 09:38:52.883328+01	12	PromptRecord object (12)	3		11	4
256	2024-01-21 09:38:52.88477+01	11	PromptRecord object (11)	3		11	4
257	2024-01-21 09:38:52.886134+01	10	PromptRecord object (10)	3		11	4
258	2024-01-21 09:38:52.887544+01	9	PromptRecord object (9)	3		11	4
259	2024-01-21 09:38:52.888861+01	8	PromptRecord object (8)	3		11	4
260	2024-01-21 09:38:52.890248+01	7	PromptRecord object (7)	3		11	4
261	2024-01-21 09:38:52.891595+01	6	PromptRecord object (6)	3		11	4
262	2024-01-21 09:38:52.892913+01	5	PromptRecord object (5)	3		11	4
263	2024-01-21 09:38:52.894228+01	4	PromptRecord object (4)	3		11	4
264	2024-01-21 09:38:52.895559+01	3	PromptRecord object (3)	3		11	4
265	2024-01-21 09:38:52.896893+01	2	PromptRecord object (2)	3		11	4
266	2024-01-21 09:38:52.898348+01	1	PromptRecord object (1)	3		11	4
267	2024-01-21 11:06:25.409938+01	256	PromptRecord object (256)	3		11	4
268	2024-01-21 11:06:25.413415+01	255	PromptRecord object (255)	3		11	4
269	2024-01-21 11:06:25.415177+01	254	PromptRecord object (254)	3		11	4
270	2024-01-21 11:06:25.416905+01	253	PromptRecord object (253)	3		11	4
271	2024-01-21 11:06:25.41869+01	252	PromptRecord object (252)	3		11	4
272	2024-01-21 11:06:25.420655+01	251	PromptRecord object (251)	3		11	4
273	2024-01-22 08:33:08.817239+01	15	AiIllustrationPrompt object (15)	2	[{"changed": {"fields": ["Prompt"]}}]	8	5
274	2024-01-22 08:33:26.939004+01	17	StoryStructure object (17)	2	[{"changed": {"fields": ["Line"]}}]	10	5
275	2024-01-22 09:01:31.73085+01	1	StoryStructure object (1)	2	[]	10	5
276	2024-01-22 09:02:27.993789+01	17	StoryStructure object (17)	3		10	5
277	2024-01-22 09:02:57.367421+01	15	StoryStructure object (15)	3		10	5
278	2024-01-22 09:03:17.849976+01	14	StoryStructure object (14)	3		10	5
279	2024-01-22 09:03:29.904591+01	13	StoryStructure object (13)	3		10	5
280	2024-01-22 09:03:38.36324+01	12	StoryStructure object (12)	3		10	5
281	2024-01-22 09:03:48.494626+01	11	StoryStructure object (11)	3		10	5
282	2024-01-22 09:03:57.669856+01	10	StoryStructure object (10)	3		10	5
283	2024-01-22 09:05:38.93072+01	9	StoryStructure object (9)	3		10	5
284	2024-01-22 09:05:38.936382+01	8	StoryStructure object (8)	3		10	5
285	2024-01-22 09:05:38.938121+01	7	StoryStructure object (7)	3		10	5
286	2024-01-22 09:06:20.925658+01	6	StoryStructure object (6)	3		10	5
287	2024-01-22 09:07:02.856102+01	12	LeadingQuestion object (12)	3		9	5
288	2024-01-22 09:08:10.402438+01	9	LeadingQuestion object (9)	3		9	5
289	2024-01-22 09:08:32.899806+01	8	LeadingQuestion object (8)	3		9	5
290	2024-01-22 09:08:40.11853+01	6	LeadingQuestion object (6)	3		9	5
291	2024-01-22 09:08:46.023263+01	5	LeadingQuestion object (5)	3		9	5
292	2024-01-22 09:08:55.527587+01	4	LeadingQuestion object (4)	3		9	5
293	2024-01-22 09:09:21.97115+01	3	LeadingQuestion object (3)	3		9	5
294	2024-01-22 09:15:53.832749+01	3	AiIllustrationPrompt object (3)	2	[{"changed": {"fields": ["Prompt"]}}]	8	5
295	2024-01-22 09:24:55.186493+01	1	AiIllustrationPrompt object (1)	2	[{"changed": {"fields": ["Prompt"]}}]	8	5
296	2024-01-22 09:26:14.934397+01	10	LeadingQuestion object (10)	3		9	5
297	2024-01-22 11:43:42.836396+01	1	AiIllustrationPrompt object (1)	2	[{"changed": {"fields": ["Prompt"]}}]	8	5
298	2024-01-22 11:56:02.900344+01	1	AiIllustrationPrompt object (1)	2	[{"changed": {"fields": ["Prompt"]}}]	8	5
299	2024-01-22 14:54:23.608789+01	1	AiIllustrationPrompt object (1)	2	[{"changed": {"fields": ["Prompt"]}}]	8	5
\.


--
-- Data for Name: django_content_type; Type: TABLE DATA; Schema: public; Owner: dev1
--

COPY public.django_content_type (id, app_label, model) FROM stdin;
1	admin	logentry
2	auth	permission
3	auth	group
4	contenttypes	contenttype
5	sessions	session
6	authtoken	token
7	authtoken	tokenproxy
8	prompts	aiillustrationprompt
9	prompts	leadingquestion
10	prompts	storystructure
11	prompts	promptrecord
12	user	user
\.


--
-- Data for Name: django_migrations; Type: TABLE DATA; Schema: public; Owner: dev1
--

COPY public.django_migrations (id, app, name, applied) FROM stdin;
1	contenttypes	0001_initial	2023-05-28 16:51:59.534939+02
2	contenttypes	0002_remove_content_type_name	2023-05-28 16:51:59.543114+02
3	auth	0001_initial	2023-05-28 16:51:59.592614+02
4	auth	0002_alter_permission_name_max_length	2023-05-28 16:51:59.598751+02
5	auth	0003_alter_user_email_max_length	2023-05-28 16:51:59.604957+02
6	auth	0004_alter_user_username_opts	2023-05-28 16:51:59.611302+02
7	auth	0005_alter_user_last_login_null	2023-05-28 16:51:59.617519+02
8	auth	0006_require_contenttypes_0002	2023-05-28 16:51:59.620269+02
9	auth	0007_alter_validators_add_error_messages	2023-05-28 16:51:59.626838+02
10	auth	0008_alter_user_username_max_length	2023-05-28 16:51:59.633312+02
11	auth	0009_alter_user_last_name_max_length	2023-05-28 16:51:59.639588+02
12	auth	0010_alter_group_name_max_length	2023-05-28 16:51:59.646654+02
13	auth	0011_update_proxy_permissions	2023-05-28 16:51:59.652748+02
14	auth	0012_alter_user_first_name_max_length	2023-05-28 16:51:59.658908+02
15	user	0001_initial	2023-05-28 16:51:59.713653+02
16	admin	0001_initial	2023-05-28 16:51:59.738819+02
17	admin	0002_logentry_remove_auto_add	2023-05-28 16:51:59.747459+02
18	admin	0003_logentry_add_action_flag_choices	2023-05-28 16:51:59.755755+02
19	authtoken	0001_initial	2023-05-28 16:51:59.776259+02
20	authtoken	0002_auto_20160226_1747	2023-05-28 16:51:59.803722+02
21	authtoken	0003_tokenproxy	2023-05-28 16:51:59.807133+02
22	prompts	0001_initial	2023-05-28 16:51:59.831816+02
23	prompts	0002_aiillustrationprompt_leading_question_and_more	2023-05-28 16:51:59.850472+02
24	prompts	0003_storystructure_name	2023-05-28 16:51:59.856298+02
25	prompts	0004_aiillustrationprompt_created_at_and_more	2023-05-28 16:51:59.880606+02
26	prompts	0005_storystructure_created_at_storystructure_is_active_and_more	2023-05-28 16:51:59.892588+02
27	sessions	0001_initial	2023-05-28 16:51:59.909674+02
28	user	0002_alter_user_managers	2023-05-28 16:51:59.9189+02
29	prompts	0006_remove_aiillustrationprompt_leading_question	2023-05-30 19:11:57.18549+02
30	prompts	0007_aiillustrationprompt_story	2023-05-30 19:11:57.19933+02
31	prompts	0008_promptrecord_created_at_promptrecord_email	2024-01-21 11:05:26.495616+01
\.


--
-- Data for Name: django_session; Type: TABLE DATA; Schema: public; Owner: dev1
--

COPY public.django_session (session_key, session_data, expire_date) FROM stdin;
o3zun7fpb8lp8cj0hr3pzdnh85a8dago	.eJxVjDsOwjAQBe_iGlnejb-U9JzBWv9wANlSnFSIu0OkFNC-mXkv5mlbq99GXvyc2JkBO_1ugeIjtx2kO7Vb57G3dZkD3xV-0MGvPeXn5XD_DiqN-q2zQTOBngBt0QVtSkWCztaRDsZIh84ZC4QuoZhIRVWEFcVCJqcAi2TvD7nrNs4:1q3h58:MXJ7fcr0lbyPZEV9_Lyz5ZKSei7r6IB4K1h4Qhn9I3A	2023-06-12 19:54:58.784024+02
cplb14v6zq2uh49ilekrk7gqsgicgjq9	.eJxVjDsOwjAQBe_iGlnejb-U9JzBWv9wANlSnFSIu0OkFNC-mXkv5mlbq99GXvyc2JkBO_1ugeIjtx2kO7Vb57G3dZkD3xV-0MGvPeXn5XD_DiqN-q2zQTOBngBt0QVtSkWCztaRDsZIh84ZC4QuoZhIRVWEFcVCJqcAi2TvD7nrNs4:1q3vCk:LsSWLGf0aeImaNH1-jKjp75uQXxQ1eUGIDuDwjKyoMY	2023-06-13 10:59:46.850284+02
o3b3ygetruahm6yji671dwewyzur1iie	.eJxVjDsOwjAQBe_iGlnejb-U9JzBWv9wANlSnFSIu0OkFNC-mXkv5mlbq99GXvyc2JkBO_1ugeIjtx2kO7Vb57G3dZkD3xV-0MGvPeXn5XD_DiqN-q2zQTOBngBt0QVtSkWCztaRDsZIh84ZC4QuoZhIRVWEFcVCJqcAi2TvD7nrNs4:1q4N6c:bYlxvxTsDLpolFWub_BRXFOD12vXN_x7eHsV9mtyhSk	2023-06-14 16:47:18.830147+02
bsa1q7nsyiwvmehzqcwhgme1c6b28d3h	.eJxVjDsOwjAQBe_iGlnejb-U9JzBWv9wANlSnFSIu0OkFNC-mXkv5mlbq99GXvyc2JkBO_1ugeIjtx2kO7Vb57G3dZkD3xV-0MGvPeXn5XD_DiqN-q2zQTOBngBt0QVtSkWCztaRDsZIh84ZC4QuoZhIRVWEFcVCJqcAi2TvD7nrNs4:1qI9lx:1BdVsWWU1wOMim3RZen_P7G2pUZIsDFw_UbEus3Psy8	2023-07-22 17:22:57.886402+02
q77umffh0xl4hyneiwh88u6rmaqmlvvx	.eJxVjDsOwjAQBe_iGlnejb-U9JzBWv9wANlSnFSIu0OkFNC-mXkv5mlbq99GXvyc2JkBO_1ugeIjtx2kO7Vb57G3dZkD3xV-0MGvPeXn5XD_DiqN-q2zQTOBngBt0QVtSkWCztaRDsZIh84ZC4QuoZhIRVWEFcVCJqcAi2TvD7nrNs4:1qKQC6:WktBmzitH88tvap9NzyqSr-eBaPeCv9IcLbKFMjZRUQ	2023-07-28 23:19:18.291684+02
tif7w2fwfb04v848vsg9jic1slck7pfo	.eJxVjEEOwiAQRe_C2hBGYCgu3XsGwsAgVUOT0q6MdzckXej2v_f-W4S4bzXsndcwZ3ERRpx-N4rpyW2A_Ijtvsi0tG2dSQ5FHrTL25L5dT3cv4Maex01A1hnIliNE7jiQCsmZR0q8GgyEFMhKtogGs4TeQ-KjMtnS4oxic8XxKo3bA:1rRTKF:BrpNCrL-vB1PDYJVZohfWl8jHx2HMPYOXeALxx3sQLg	2024-02-04 09:37:07.479302+01
65481rsxeo2tn8zmy8r940rrxqrwfad8	.eJxVjEsOAiEQBe_C2hD5NIhL956BdDcgowaSYWZlvLtOMgvdvqp6LxFxXWpcR57jlMRZgDj8boT8yG0D6Y7t1iX3tswTyU2ROx3y2lN-Xnb376DiqN86By46F2X10cIJikpowQXwFshhMeR88KGwZfKWQDFqY8Akx0Fr8k68P-A6N4c:1rRoel:uoz6VY-bEJYluicAFgSZwH103GmrEaek6rPkCMfB1rY	2024-02-05 08:23:43.335911+01
2p9z56yivteam11d9o1uy9hrpqoy73qa	.eJxVjEsOAiEQBe_C2hD5NIhL956BdDcgowaSYWZlvLtOMgvdvqp6LxFxXWpcR57jlMRZgDj8boT8yG0D6Y7t1iX3tswTyU2ROx3y2lN-Xnb376DiqN86By46F2X10cIJikpowQXwFshhMeR88KGwZfKWQDFqY8Akx0Fr8k68P-A6N4c:1rRujh:zWFV6WHOj721AKt7_bHC6sUi5jmdQdmxSxi0ro33Bg4	2024-02-05 14:53:13.933321+01
\.


--
-- Data for Name: prompts_aiillustrationprompt; Type: TABLE DATA; Schema: public; Owner: dev1
--

COPY public.prompts_aiillustrationprompt (id, prompt, created_at, is_active, story_id) FROM stdin;
3	["{first_name} What is the character's first name?{animal} What kind of animal is the main character?"]	2023-05-31 11:45:46.708015+02	t	5
1	["cartoon very happy {breed} dog named {character} holding {required_thing} far away in a beautiful sunset in the style of a coloring book illustration. all black and white", "{breed} dog {character} {activity} in {location} in front of the {landmark} in the style of a coloring book illustration", "{mean_character_type} stealing {required_thing} for {activity} outside of {landmark} in {location} in the style of a coloring book illustration black and white only", "cartoon {savior_creature} super hero really cool in the style of a coloring book illustration black and white only", "{mean_character_name} the {mean_character_type} running away from {breed} dog {character} and {savior} in {location} in the style of a coloring book illustration black and white only", "{breed} dog {character} and savior {savior_creature} {savior} high-fiving in front of the {landmark} after retrieving the {required_thing} in the style of a coloring book illustration"]	2023-05-28 16:52:08.02739+02	t	1
\.


--
-- Data for Name: prompts_leadingquestion; Type: TABLE DATA; Schema: public; Owner: dev1
--

COPY public.prompts_leadingquestion (id, data) FROM stdin;
1	[{"name": "character", "question": "What is the name of the dog, the main character of the story?"}, {"name": "breed", "question": "What breed of dog is the dog?"}, {"name": "location", "question": "What city does the dog live in? (with a famous landmark)"}, {"name": "activity", "question": "What is the dog's favorite activity? Fill in the blank: ___ing. Input your answer with 'ing'."}, {"name": "landmark", "question": "What is the landmark called?"}, {"name": "mean_character_name", "question": "Name the bad guy."}, {"name": "mean_character_type", "question": "What kind of creature is the bad guy?"}, {"name": "savior", "question": "What is the name of the hero?"}, {"name": "savior_creature", "question": "What kind of creature is the hero?"}, {"name": "required_thing", "question": "What is something you need for {activity}?"}]
2	[{"name": "1", "question": "What is the character's first name?"}, {"name": "2", "question": "What kind of animal is the main character?"}]
7	[{"name": "dog color", "question": "What is the character's first name?"}, {"name": "dog breed", "question": "What kind of animal is the character?"}]
11	[{"name": "pizza", "question": "what is your most liked food?"}]
13	[{"name": "Bob", "question": "Once upon a time there was a golden retriver named Bob"}, {"name": "Tom", "question": "Bob loved swimming more than just about anything else"}, {"name": "Ron", "question": "Suddenly, Ron the turtle stole Bob's googles"}, {"name": "Rabbit", "question": "Luckily, Bob know a rabit named steve who chased down ron and was  able to get the goggles back"}]
\.


--
-- Data for Name: prompts_promptrecord; Type: TABLE DATA; Schema: public; Owner: dev1
--

COPY public.prompts_promptrecord (id, prompt, image, illustration_prompt_id, created_at, email) FROM stdin;
268	Spike the cat running away from Buddy and Max in New York City after stealing the leash in the style of a coloring book illustration black and white only	prompt_images/prompt_1_lbGWuF9.jpg	1	2024-01-21 12:18:34.458011+01	test1234@mailinator.com
269	Golden Retriever dog running in New York City in front of the Statue of Liberty in the style of a coloring book illustration	prompt_images/prompt_1_MkVRH8A.jpg	1	2024-01-21 12:21:35.607496+01	rasealex000000@gmail.com
270	cat stealing leash for running outside of Statue of Liberty in New York City in the style of a coloring book illustration black and white only	prompt_images/prompt_1_ukFvHl4.jpg	1	2024-01-21 12:21:45.708328+01	rasealex000000@gmail.com
257	Golden Retriever dog running in New York City in front of the Statue of Liberty in the style of a coloring book illustration	prompt_images/prompt_1_mStJkfO.jpg	1	2024-01-21 11:08:27.051944+01	aayush@gmail.com
258	cat stealing leash for running outside of Statue of Liberty in New York City in the style of a coloring book illustration black and white only	prompt_images/prompt_1_sv6VnZ1.jpg	1	2024-01-21 11:08:37.570233+01	aayush@gmail.com
259	cartoon dog super hero really cool in the style of a coloring book illustration black and white only	prompt_images/prompt_1_Iw1marM.jpg	1	2024-01-21 11:08:47.602585+01	aayush@gmail.com
260	cartoon very happy Golden Retriever holding leash far away in a beautiful sunset in the style of a coloring book illustration. all black and white	prompt_images/prompt_1_KxyudlM.jpg	1	2024-01-21 11:08:58.190548+01	aayush@gmail.com
261	Buddy and Max high-fiving in front of the Statue of Liberty after retrieving the leash in the style of a coloring book illustration	prompt_images/prompt_1_yYhIGRF.jpg	1	2024-01-21 11:09:08.320228+01	aayush@gmail.com
262	Spike the cat running away from Buddy and Max in New York City after stealing the leash in the style of a coloring book illustration black and white only	prompt_images/prompt_1_zNjQy76.jpg	1	2024-01-21 11:09:18.518948+01	aayush@gmail.com
263	Golden Retriever dog running in New York City in front of the Statue of Liberty in the style of a coloring book illustration	prompt_images/prompt_1_kixNjMe.jpg	1	2024-01-21 12:17:43.557727+01	test1234@mailinator.com
264	cat stealing leash for running outside of Statue of Liberty in New York City in the style of a coloring book illustration black and white only	prompt_images/prompt_1_jDZ5ujj.jpg	1	2024-01-21 12:17:54.144075+01	test1234@mailinator.com
265	cartoon dog super hero really cool in the style of a coloring book illustration black and white only	prompt_images/prompt_1_JcWyKSa.jpg	1	2024-01-21 12:18:04.049584+01	test1234@mailinator.com
266	cartoon very happy Golden Retriever holding leash far away in a beautiful sunset in the style of a coloring book illustration. all black and white	prompt_images/prompt_1_qSchjIu.jpg	1	2024-01-21 12:18:14.257872+01	test1234@mailinator.com
267	Buddy and Max high-fiving in front of the Statue of Liberty after retrieving the leash in the style of a coloring book illustration	prompt_images/prompt_1_OShXab1.jpg	1	2024-01-21 12:18:24.304737+01	test1234@mailinator.com
271	cartoon dog super hero really cool in the style of a coloring book illustration black and white only	prompt_images/prompt_1_BCBdsFW.jpg	1	2024-01-21 12:21:55.938708+01	rasealex000000@gmail.com
272	cartoon very happy Golden Retriever holding leash far away in a beautiful sunset in the style of a coloring book illustration. all black and white	prompt_images/prompt_1_I3BIlUO.jpg	1	2024-01-21 12:22:06.18462+01	rasealex000000@gmail.com
273	Buddy and Max high-fiving in front of the Statue of Liberty after retrieving the leash in the style of a coloring book illustration	prompt_images/prompt_1_wUhTZXp.jpg	1	2024-01-21 12:22:16.128261+01	rasealex000000@gmail.com
274	Spike the cat running away from Buddy and Max in New York City after stealing the leash in the style of a coloring book illustration black and white only	prompt_images/prompt_1_oBNJVvE.jpg	1	2024-01-21 12:22:26.252123+01	rasealex000000@gmail.com
275	Golden Retriever dog running in New York City in front of the Statue of Liberty in the style of a coloring book illustration	prompt_images/prompt_1_xluB8dF.jpg	1	2024-01-21 13:37:35.001197+01	aayush@gmail.com
276	cat stealing leash for running outside of Statue of Liberty in New York City in the style of a coloring book illustration black and white only	prompt_images/prompt_1_awvLljo.jpg	1	2024-01-21 13:37:45.151588+01	aayush@gmail.com
277	cartoon dog super hero really cool in the style of a coloring book illustration black and white only	prompt_images/prompt_1_g58N5Ma.jpg	1	2024-01-21 13:37:55.451006+01	aayush@gmail.com
278	cartoon very happy Golden Retriever holding leash far away in a beautiful sunset in the style of a coloring book illustration. all black and white	prompt_images/prompt_1_H6ZkA5Z.jpg	1	2024-01-21 13:38:05.449844+01	aayush@gmail.com
279	Buddy and Max high-fiving in front of the Statue of Liberty after retrieving the leash in the style of a coloring book illustration	prompt_images/prompt_1_bu0gFxT.jpg	1	2024-01-21 13:38:16.050949+01	aayush@gmail.com
280	Spike the cat running away from Buddy and Max in New York City after stealing the leash in the style of a coloring book illustration black and white only	prompt_images/prompt_1_7FF0gj9.jpg	1	2024-01-21 13:38:26.6328+01	aayush@gmail.com
281	Golden Retriever dog running in New York City in front of the Statue of Liberty in the style of a coloring book illustration	prompt_images/prompt_1_rJeBaLb.jpg	1	2024-01-21 13:40:02.00243+01	imsohel3798@gmail.com
282	cat stealing leash for running outside of Statue of Liberty in New York City in the style of a coloring book illustration black and white only	prompt_images/prompt_1_OGnihHc.jpg	1	2024-01-21 13:40:12.034935+01	imsohel3798@gmail.com
283	cartoon dog super hero really cool in the style of a coloring book illustration black and white only	prompt_images/prompt_1_qP3oFIH.jpg	1	2024-01-21 13:40:22.304406+01	imsohel3798@gmail.com
284	cartoon very happy Golden Retriever holding leash far away in a beautiful sunset in the style of a coloring book illustration. all black and white	prompt_images/prompt_1_sUxqvEg.jpg	1	2024-01-21 13:40:32.623876+01	imsohel3798@gmail.com
285	Buddy and Max high-fiving in front of the Statue of Liberty after retrieving the leash in the style of a coloring book illustration	prompt_images/prompt_1_NYIeZ3X.jpg	1	2024-01-21 13:40:42.894932+01	imsohel3798@gmail.com
286	Golden Retriever dog running in New York City in front of the Statue of Liberty in the style of a coloring book illustration	prompt_images/prompt_1_ByRbU6m.jpg	1	2024-01-21 13:41:34.219877+01	imsohel3798@gmail.com
287	cat stealing leash for running outside of Statue of Liberty in New York City in the style of a coloring book illustration black and white only	prompt_images/prompt_1_4aoe9VS.jpg	1	2024-01-21 13:41:44.524965+01	imsohel3798@gmail.com
288	cartoon dog super hero really cool in the style of a coloring book illustration black and white only	prompt_images/prompt_1_6aozSM0.jpg	1	2024-01-21 13:41:54.412966+01	imsohel3798@gmail.com
289	cartoon very happy Golden Retriever holding leash far away in a beautiful sunset in the style of a coloring book illustration. all black and white	prompt_images/prompt_1_dPPHLrT.jpg	1	2024-01-21 13:42:04.868357+01	imsohel3798@gmail.com
290	Buddy and Max high-fiving in front of the Statue of Liberty after retrieving the leash in the style of a coloring book illustration	prompt_images/prompt_1_xSRiJV5.jpg	1	2024-01-21 13:42:14.872654+01	imsohel3798@gmail.com
291	Spike the cat running away from Buddy and Max in New York City after stealing the leash in the style of a coloring book illustration black and white only	prompt_images/prompt_1_HcWb58p.jpg	1	2024-01-21 13:42:24.917608+01	imsohel3798@gmail.com
293	Golden Retriever dog running in New York City in front of the Statue of Liberty in the style of a coloring book illustration	prompt_images/prompt_1_dr6kgrW.jpg	1	2024-01-21 14:05:27.414345+01	\N
294	cat stealing leash for running outside of Statue of Liberty in New York City in the style of a coloring book illustration black and white only	prompt_images/prompt_1_3m51cdX.jpg	1	2024-01-21 14:05:37.793792+01	\N
295	cartoon dog super hero really cool in the style of a coloring book illustration black and white only	prompt_images/prompt_1_XlNJgqI.jpg	1	2024-01-21 14:05:47.934881+01	\N
296	cartoon very happy Golden Retriever holding leash far away in a beautiful sunset in the style of a coloring book illustration. all black and white	prompt_images/prompt_1_y0LKpgt.jpg	1	2024-01-21 14:05:57.898178+01	\N
297	Buddy and Max high-fiving in front of the Statue of Liberty after retrieving the leash in the style of a coloring book illustration	prompt_images/prompt_1_0q4uzVR.jpg	1	2024-01-21 14:06:08.637563+01	\N
298	Spike the cat running away from Buddy and Max in New York City after stealing the leash in the style of a coloring book illustration black and white only	prompt_images/prompt_1_MzDD87o.jpg	1	2024-01-21 14:06:19.188706+01	\N
326	Bull Dog dog Playing With Ball in Red Clock in front of the Red Clock in the style of a coloring book illustration	prompt_images/prompt_1_0HlBE02.jpg	1	2024-01-21 19:39:16.130218+01	imsohel3798@gmail.com
327	bird stealing playing With Ball for Playing With Ball outside of Red Clock in Red Clock in the style of a coloring book illustration black and white only	prompt_images/prompt_1_Nk8ovuB.jpg	1	2024-01-21 19:39:26.291786+01	imsohel3798@gmail.com
328	cartoon animal super hero really cool in the style of a coloring book illustration black and white only	prompt_images/prompt_1_Xt1A1ok.jpg	1	2024-01-21 19:39:36.29838+01	imsohel3798@gmail.com
329	cartoon very happy Bull Dog holding playing With Ball far away in a beautiful sunset in the style of a coloring book illustration. all black and white	prompt_images/prompt_1_2ULsF7D.jpg	1	2024-01-21 19:39:46.58073+01	imsohel3798@gmail.com
330	Spider and Spider high-fiving in front of the Red Clock after retrieving the playing With Ball in the style of a coloring book illustration	prompt_images/prompt_1_aUxyyic.jpg	1	2024-01-21 19:39:56.810866+01	imsohel3798@gmail.com
331	Cow the bird running away from Spider and Spider in Red Clock after stealing the playing With Ball in the style of a coloring book illustration black and white only	prompt_images/prompt_1_Aes5foB.jpg	1	2024-01-21 19:40:07.690081+01	imsohel3798@gmail.com
332	Golden Retriever dog running in New York City in front of the Statue of Liberty in the style of a coloring book illustration	prompt_images/prompt_1_07Q7V7U.jpg	1	2024-01-22 07:27:52.722452+01	\N
333	cat stealing leash for running outside of Statue of Liberty in New York City in the style of a coloring book illustration black and white only	prompt_images/prompt_1_hImHW8A.jpg	1	2024-01-22 07:28:03.02423+01	\N
334	Golden Retriever dog running in New York City in front of the Statue of Liberty in the style of a coloring book illustration	prompt_images/prompt_1_QiCtdue.jpg	1	2024-01-22 07:30:57.578481+01	rasealex000000@gmail.com
335	cat stealing leash for running outside of Statue of Liberty in New York City in the style of a coloring book illustration black and white only	prompt_images/prompt_1_1lL5UyY.jpg	1	2024-01-22 07:31:07.765084+01	rasealex000000@gmail.com
336	cartoon dog super hero really cool in the style of a coloring book illustration black and white only	prompt_images/prompt_1_xILWXqm.jpg	1	2024-01-22 07:31:17.84234+01	rasealex000000@gmail.com
337	cartoon very happy Golden Retriever holding leash far away in a beautiful sunset in the style of a coloring book illustration. all black and white	prompt_images/prompt_1_tiCFIa1.jpg	1	2024-01-22 07:31:27.988116+01	rasealex000000@gmail.com
338	Buddy and Max high-fiving in front of the Statue of Liberty after retrieving the leash in the style of a coloring book illustration	prompt_images/prompt_1_u6IuOPU.jpg	1	2024-01-22 07:31:38.14345+01	rasealex000000@gmail.com
339	Spike the cat running away from Buddy and Max in New York City after stealing the leash in the style of a coloring book illustration black and white only	prompt_images/prompt_1_l1WRVqE.jpg	1	2024-01-22 07:31:48.432849+01	rasealex000000@gmail.com
340	Golden Retriever dog running in New York City in front of the Statue of Liberty in the style of a coloring book illustration	prompt_images/prompt_1_1FPeV57.jpg	1	2024-01-22 07:32:13.098615+01	rasealex000000@gmail.com
341	cat stealing leash for running outside of Statue of Liberty in New York City in the style of a coloring book illustration black and white only	prompt_images/prompt_1_OyQeJao.jpg	1	2024-01-22 07:32:23.370411+01	rasealex000000@gmail.com
342	cartoon dog super hero really cool in the style of a coloring book illustration black and white only	prompt_images/prompt_1_AX1KN0J.jpg	1	2024-01-22 07:32:33.591016+01	rasealex000000@gmail.com
343	cartoon very happy Golden Retriever holding leash far away in a beautiful sunset in the style of a coloring book illustration. all black and white	prompt_images/prompt_1_hce7v0W.jpg	1	2024-01-22 07:32:44.494113+01	rasealex000000@gmail.com
344	Buddy and Max high-fiving in front of the Statue of Liberty after retrieving the leash in the style of a coloring book illustration	prompt_images/prompt_1_6URMCjW.jpg	1	2024-01-22 07:32:54.698191+01	rasealex000000@gmail.com
345	Spike the cat running away from Buddy and Max in New York City after stealing the leash in the style of a coloring book illustration black and white only	prompt_images/prompt_1_UvwMoZP.jpg	1	2024-01-22 07:33:04.851565+01	rasealex000000@gmail.com
346	Golden Retriever dog running in New York City in front of the Statue of Liberty in the style of a coloring book illustration	prompt_images/prompt_1_bn1YYGU.jpg	1	2024-01-22 07:34:12.261886+01	rasealex000000@gmail.com
347	cat stealing leash for running outside of Statue of Liberty in New York City in the style of a coloring book illustration black and white only	prompt_images/prompt_1_FHJAW3f.jpg	1	2024-01-22 07:34:22.400772+01	rasealex000000@gmail.com
348	cartoon dog super hero really cool in the style of a coloring book illustration black and white only	prompt_images/prompt_1_RmWMLtJ.jpg	1	2024-01-22 07:34:32.7519+01	rasealex000000@gmail.com
395	cartoon dog super hero really cool in the style of a coloring book illustration black and white only	prompt_images/prompt_1_Ldti2Hg.jpg	1	2024-01-22 11:57:12.708751+01	rasealex000000@gmail.com
349	cartoon very happy Golden Retriever holding leash far away in a beautiful sunset in the style of a coloring book illustration. all black and white	prompt_images/prompt_1_1ehY3Dl.jpg	1	2024-01-22 07:34:43.168609+01	rasealex000000@gmail.com
350	Buddy and Max high-fiving in front of the Statue of Liberty after retrieving the leash in the style of a coloring book illustration	prompt_images/prompt_1_dJghNnD.jpg	1	2024-01-22 07:34:53.262905+01	rasealex000000@gmail.com
351	Spike the cat running away from Buddy and Max in New York City after stealing the leash in the style of a coloring book illustration black and white only	prompt_images/prompt_1_DPvlh2x.jpg	1	2024-01-22 07:35:03.725252+01	rasealex000000@gmail.com
352	Golden Retriever dog running in New York City in front of the Statue of Liberty in the style of a coloring book illustration	prompt_images/prompt_1_jXEAx1P.jpg	1	2024-01-22 07:48:11.332534+01	rasealex000000@gmail.com
353	cat stealing leash for running outside of Statue of Liberty in New York City in the style of a coloring book illustration black and white only	prompt_images/prompt_1_oHVQQkC.jpg	1	2024-01-22 07:48:21.758238+01	rasealex000000@gmail.com
354	cartoon dog super hero really cool in the style of a coloring book illustration black and white only	prompt_images/prompt_1_MzAfEfN.jpg	1	2024-01-22 07:48:32.147517+01	rasealex000000@gmail.com
355	cartoon very happy Golden Retriever holding leash far away in a beautiful sunset in the style of a coloring book illustration. all black and white	prompt_images/prompt_1_EfApo9t.jpg	1	2024-01-22 07:48:42.45676+01	rasealex000000@gmail.com
356	Buddy and Max high-fiving in front of the Statue of Liberty after retrieving the leash in the style of a coloring book illustration	prompt_images/prompt_1_Qoimtpj.jpg	1	2024-01-22 07:48:52.847227+01	rasealex000000@gmail.com
357	Spike the cat running away from Buddy and Max in New York City after stealing the leash in the style of a coloring book illustration black and white only	prompt_images/prompt_1_sjQlzdf.jpg	1	2024-01-22 07:49:03.020686+01	rasealex000000@gmail.com
358	Golden Retriever dog running in New York City in front of the Statue of Liberty in the style of a coloring book illustration	prompt_images/prompt_1_dLI7qw7.jpg	1	2024-01-22 08:21:37.883075+01	rasealex000000@gmail.com
359	cat stealing leash for running outside of Statue of Liberty in New York City in the style of a coloring book illustration black and white only	prompt_images/prompt_1_KOqgW2M.jpg	1	2024-01-22 08:21:48.00382+01	rasealex000000@gmail.com
360	cartoon dog super hero really cool in the style of a coloring book illustration black and white only	prompt_images/prompt_1_Ra2grxF.jpg	1	2024-01-22 08:21:58.343778+01	rasealex000000@gmail.com
361	cartoon very happy Golden Retriever holding leash far away in a beautiful sunset in the style of a coloring book illustration. all black and white	prompt_images/prompt_1_3tozwEw.jpg	1	2024-01-22 08:22:08.713714+01	rasealex000000@gmail.com
362	Buddy and Max high-fiving in front of the Statue of Liberty after retrieving the leash in the style of a coloring book illustration	prompt_images/prompt_1_es4yCYt.jpg	1	2024-01-22 08:22:18.78003+01	rasealex000000@gmail.com
363	Spike the cat running away from Buddy and Max in New York City after stealing the leash in the style of a coloring book illustration black and white only	prompt_images/prompt_1_P5lphTk.jpg	1	2024-01-22 08:22:29.522713+01	rasealex000000@gmail.com
380	cartoon very happy Golden Retriever holding leash far away in a beautiful sunset in the style of a coloring book illustration. all black and white	prompt_images/prompt_1_JklKkL7.jpg	1	2024-01-22 11:27:16.399107+01	rasealex000000@gmail.com
381	Golden Retriever dog running in New York City in front of the Statue of Liberty in the style of a coloring book illustration	prompt_images/prompt_1_hG4ebeL.jpg	1	2024-01-22 11:27:26.619271+01	rasealex000000@gmail.com
382	cat stealing leash for running outside of Statue of Liberty in New York City in the style of a coloring book illustration black and white only	prompt_images/prompt_1_J5gADxS.jpg	1	2024-01-22 11:27:36.999438+01	rasealex000000@gmail.com
383	cartoon dog super hero really cool in the style of a coloring book illustration black and white only	prompt_images/prompt_1_ATXrOv5.jpg	1	2024-01-22 11:27:47.120893+01	rasealex000000@gmail.com
384	Spike the cat running away from Buddy and Max in New York City after stealing the leash in the style of a coloring book illustration black and white only	prompt_images/prompt_1_oxIun4q.jpg	1	2024-01-22 11:27:57.375306+01	rasealex000000@gmail.com
385	Buddy and Max high-fiving in front of the Statue of Liberty after retrieving the leash in the style of a coloring book illustration	prompt_images/prompt_1_gXpH4T9.jpg	1	2024-01-22 11:28:07.874359+01	rasealex000000@gmail.com
386	cartoon very happy Golden Retriever dog named Buddy holding leash far away in a beautiful sunset in the style of a coloring book illustration. all black and white	prompt_images/prompt_1_Q3j8wo0.jpg	1	2024-01-22 11:43:57.339807+01	rasealex000000@gmail.com
387	Golden Retriever dog Buddy running in New York City in front of the Statue of Liberty in the style of a coloring book illustration	prompt_images/prompt_1_hTZlr7Y.jpg	1	2024-01-22 11:44:07.486151+01	rasealex000000@gmail.com
388	cat stealing leash for running outside of Statue of Liberty in New York City in the style of a coloring book illustration black and white only	prompt_images/prompt_1_zYHzVdI.jpg	1	2024-01-22 11:44:17.843795+01	rasealex000000@gmail.com
389	cartoon dog super hero really cool in the style of a coloring book illustration black and white only	prompt_images/prompt_1_lVc8dNm.jpg	1	2024-01-22 11:44:27.895513+01	rasealex000000@gmail.com
390	Spike the cat running away from Buddy and Max in New York City after stealing the leash in the style of a coloring book illustration black and white only	prompt_images/prompt_1_iFYXIOA.jpg	1	2024-01-22 11:44:38.214794+01	rasealex000000@gmail.com
391	Buddy and Max high-fiving in front of the Statue of Liberty after retrieving the leash in the style of a coloring book illustration	prompt_images/prompt_1_0xkjQIm.jpg	1	2024-01-22 11:44:48.514532+01	rasealex000000@gmail.com
392	cartoon very happy Golden Retriever dog named Buddy holding leash far away in a beautiful sunset in the style of a coloring book illustration. all black and white	prompt_images/prompt_1_eNfKmTA.jpg	1	2024-01-22 11:56:41.763776+01	rasealex000000@gmail.com
393	Golden Retriever dog Buddy running in New York City in front of the Statue of Liberty in the style of a coloring book illustration	prompt_images/prompt_1_wQPP6TL.jpg	1	2024-01-22 11:56:52.061684+01	rasealex000000@gmail.com
394	cat stealing leash for running outside of Statue of Liberty in New York City in the style of a coloring book illustration black and white only	prompt_images/prompt_1_nYSC2NM.jpg	1	2024-01-22 11:57:02.379784+01	rasealex000000@gmail.com
396	Spike the cat running away from Golden Retriever dog Buddy and Max in New York City in the style of a coloring book illustration black and white only	prompt_images/prompt_1_x7hnfjx.jpg	1	2024-01-22 11:57:23.197181+01	rasealex000000@gmail.com
397	Buddy and Max high-fiving in front of the Statue of Liberty after retrieving the leash in the style of a coloring book illustration	prompt_images/prompt_1_N0wtBUC.jpg	1	2024-01-22 11:57:34.976937+01	rasealex000000@gmail.com
398	cartoon very happy German shepherd  dog named Tyson holding Jumping  far away in a beautiful sunset in the style of a coloring book illustration. all black and white	prompt_images/prompt_1_IeSQSq7.jpg	1	2024-01-22 14:44:09.480304+01	aayush@mailinator.com
399	German shepherd  dog Tyson eating  in California (the ahwahnee) in front of the the ahwahnee  in the style of a coloring book illustration	prompt_images/prompt_1_udmAcwc.jpg	1	2024-01-22 14:44:20.503122+01	aayush@mailinator.com
400	Cat stealing Jumping  for eating  outside of the ahwahnee  in California (the ahwahnee) in the style of a coloring book illustration black and white only	prompt_images/prompt_1_kBpm151.jpg	1	2024-01-22 14:44:31.595462+01	aayush@mailinator.com
401	cartoon Dog super hero really cool in the style of a coloring book illustration black and white only	prompt_images/prompt_1_fcVRqss.jpg	1	2024-01-22 14:44:45.276425+01	aayush@mailinator.com
402	Tom the Cat running away from German shepherd  dog Tyson and Bob in California (the ahwahnee) in the style of a coloring book illustration black and white only	prompt_images/prompt_1_0m6feKn.jpg	1	2024-01-22 14:44:55.994007+01	aayush@mailinator.com
403	Tyson and Bob high-fiving in front of the the ahwahnee  after retrieving the Jumping  in the style of a coloring book illustration	prompt_images/prompt_1_sIUI3qD.jpg	1	2024-01-22 14:45:13.881211+01	aayush@mailinator.com
404	cartoon very happy Labrador  dog named Tony holding eating  far away in a beautiful sunset in the style of a coloring book illustration. all black and white	prompt_images/prompt_1_hrPh0hY.jpg	1	2024-01-22 14:57:48.367725+01	aayush@mailinator.com
405	Labrador  dog Tony eating  in New York (Statue of Liberty) in front of the Statue of Liberty  in the style of a coloring book illustration	prompt_images/prompt_1_M1Y2iZ0.jpg	1	2024-01-22 14:57:58.809449+01	aayush@mailinator.com
406	Cat stealing eating  for eating  outside of Statue of Liberty  in New York (Statue of Liberty) in the style of a coloring book illustration black and white only	prompt_images/prompt_1_kPd8kmn.jpg	1	2024-01-22 14:58:09.021819+01	aayush@mailinator.com
407	cartoon Bull dog super hero really cool in the style of a coloring book illustration black and white only	prompt_images/prompt_1_Myls3ul.jpg	1	2024-01-22 14:58:19.574487+01	aayush@mailinator.com
408	Bob the Cat running away from Labrador  dog Tony and Tom in New York (Statue of Liberty) in the style of a coloring book illustration black and white only	prompt_images/prompt_1_43PWgeo.jpg	1	2024-01-22 14:58:30.080066+01	aayush@mailinator.com
409	Labrador  dog Tony and savior Bull dog Tom high-fiving in front of the Statue of Liberty  after retrieving the eating  in the style of a coloring book illustration	prompt_images/prompt_1_U4tTK8t.jpg	1	2024-01-22 14:58:40.360804+01	aayush@mailinator.com
410	cartoon very happy German shepherd  dog named Tyson holding leash far away in a beautiful sunset in the style of a coloring book illustration. all black and white	prompt_images/prompt_1_XjogGEp.jpg	1	2024-01-22 15:04:40.121189+01	aayush@mailinator.com
411	German shepherd  dog Tyson eat in New York city in front of the statue of Liberty  in the style of a coloring book illustration	prompt_images/prompt_1_vHerDQy.jpg	1	2024-01-22 15:04:50.416653+01	aayush@mailinator.com
412	cat stealing leash for eat outside of statue of Liberty  in New York city in the style of a coloring book illustration black and white only	prompt_images/prompt_1_MTsIUTq.jpg	1	2024-01-22 15:05:00.966835+01	aayush@mailinator.com
413	cartoon Bull dog super hero really cool in the style of a coloring book illustration black and white only	prompt_images/prompt_1_LVuHFO8.jpg	1	2024-01-22 15:05:11.078127+01	aayush@mailinator.com
414	Tom the cat running away from German shepherd  dog Tyson and Bob in New York city in the style of a coloring book illustration black and white only	prompt_images/prompt_1_MccD1hf.jpg	1	2024-01-22 15:05:21.706514+01	aayush@mailinator.com
415	German shepherd  dog Tyson and savior Bull dog Bob high-fiving in front of the statue of Liberty  after retrieving the leash in the style of a coloring book illustration	prompt_images/prompt_1_jLtdtv2.jpg	1	2024-01-22 15:05:32.168466+01	aayush@mailinator.com
\.


--
-- Data for Name: prompts_storystructure; Type: TABLE DATA; Schema: public; Owner: dev1
--

COPY public.prompts_storystructure (id, line, leading_question_id, name, created_at, is_active) FROM stdin;
5	["In the dark of night, {first_name} the {animal} begins their journey. They are seeking adventure and are ready to face anything that comes their way. They are excited for the challenges ahead and can't wait to see what the world has in store for them."]	2	31May	2023-05-31 11:45:46.705693+02	f
1	["Once upon a time there was a {breed} named {character}.", "{character} loved {activity} more than just about anything else.", "One day while they were {activity} outside of the {landmark},", "suddenly, {mean_character_name} the {mean_character_type} stole {character}'s {required_thing}.", "Luckily, {character} knew a {savior_creature} named {savior} who chased down {mean_character_name} and was able to get the {required_thing} back.", "Happy as can be, {character} was able to go {activity} again!"]	1	Hero Story	2023-05-28 16:52:08.024502+02	t
\.


--
-- Data for Name: user_user; Type: TABLE DATA; Schema: public; Owner: dev1
--

COPY public.user_user (id, password, last_login, is_superuser, first_name, last_name, is_staff, is_active, date_joined, email) FROM stdin;
2	pbkdf2_sha256$600000$tzOXNG0KAjzuNjCLt6y6lY$LS9vIa09zVU8WQdn67PoyVKY4gtWGDOx73kC32/uJKU=	\N	t			t	t	2023-05-29 08:46:31.336251+02	test31@gmail.com
3	pbkdf2_sha256$600000$WEtljoOEPTAhpkqye4hrbE$+lB+iAKlasVPHA0OuVYMfpP/35Mprji0uQz8UdCYY5E=	\N	t			t	t	2023-06-23 18:23:17.478602+02	test4@gmail.com
1	pbkdf2_sha256$600000$fQ586j7KChph8oQXtWg4Vh$MkhiPLVITAS6q3rNqpFFOhFtfHfWyMKUFTZRXxoukE0=	2023-07-14 23:19:18.289196+02	t			t	t	2023-05-28 16:52:30.115581+02	superadmin@yopmail.com
4	pbkdf2_sha256$600000$Pd5obx8IJD9u7HSTpDu32r$Ncw9RcjITDqJJXqOZGMx8/uOGHLHctIO9W21vUK/qEY=	2024-01-21 09:37:07.476858+01	t			t	t	2024-01-21 09:36:48.392539+01	admin@gmail.com
5	pbkdf2_sha256$600000$fDaRVzOY7t1K7qMzHq0nu2$JMEvaHboIvqQeik+NVvJPLyyOvsojBiV0SDcFvhitiU=	2024-01-22 14:53:13.930958+01	t			t	t	2024-01-22 08:23:32.672865+01	admin@admin.com
\.


--
-- Data for Name: user_user_groups; Type: TABLE DATA; Schema: public; Owner: dev1
--

COPY public.user_user_groups (id, user_id, group_id) FROM stdin;
\.


--
-- Data for Name: user_user_user_permissions; Type: TABLE DATA; Schema: public; Owner: dev1
--

COPY public.user_user_user_permissions (id, user_id, permission_id) FROM stdin;
\.


--
-- Name: auth_group_id_seq; Type: SEQUENCE SET; Schema: public; Owner: dev1
--

SELECT pg_catalog.setval('public.auth_group_id_seq', 1, false);


--
-- Name: auth_group_permissions_id_seq; Type: SEQUENCE SET; Schema: public; Owner: dev1
--

SELECT pg_catalog.setval('public.auth_group_permissions_id_seq', 1, false);


--
-- Name: auth_permission_id_seq; Type: SEQUENCE SET; Schema: public; Owner: dev1
--

SELECT pg_catalog.setval('public.auth_permission_id_seq', 48, true);


--
-- Name: django_admin_log_id_seq; Type: SEQUENCE SET; Schema: public; Owner: dev1
--

SELECT pg_catalog.setval('public.django_admin_log_id_seq', 299, true);


--
-- Name: django_content_type_id_seq; Type: SEQUENCE SET; Schema: public; Owner: dev1
--

SELECT pg_catalog.setval('public.django_content_type_id_seq', 12, true);


--
-- Name: django_migrations_id_seq; Type: SEQUENCE SET; Schema: public; Owner: dev1
--

SELECT pg_catalog.setval('public.django_migrations_id_seq', 31, true);


--
-- Name: prompts_aiillustrationprompt_id_seq; Type: SEQUENCE SET; Schema: public; Owner: dev1
--

SELECT pg_catalog.setval('public.prompts_aiillustrationprompt_id_seq', 15, true);


--
-- Name: prompts_leadingquestion_id_seq; Type: SEQUENCE SET; Schema: public; Owner: dev1
--

SELECT pg_catalog.setval('public.prompts_leadingquestion_id_seq', 13, true);


--
-- Name: prompts_promptrecord_id_seq; Type: SEQUENCE SET; Schema: public; Owner: dev1
--

SELECT pg_catalog.setval('public.prompts_promptrecord_id_seq', 415, true);


--
-- Name: prompts_storystructure_id_seq; Type: SEQUENCE SET; Schema: public; Owner: dev1
--

SELECT pg_catalog.setval('public.prompts_storystructure_id_seq', 17, true);


--
-- Name: user_user_groups_id_seq; Type: SEQUENCE SET; Schema: public; Owner: dev1
--

SELECT pg_catalog.setval('public.user_user_groups_id_seq', 1, false);


--
-- Name: user_user_id_seq; Type: SEQUENCE SET; Schema: public; Owner: dev1
--

SELECT pg_catalog.setval('public.user_user_id_seq', 5, true);


--
-- Name: user_user_user_permissions_id_seq; Type: SEQUENCE SET; Schema: public; Owner: dev1
--

SELECT pg_catalog.setval('public.user_user_user_permissions_id_seq', 1, false);


--
-- Name: auth_group auth_group_name_key; Type: CONSTRAINT; Schema: public; Owner: dev1
--

ALTER TABLE ONLY public.auth_group
    ADD CONSTRAINT auth_group_name_key UNIQUE (name);


--
-- Name: auth_group_permissions auth_group_permissions_group_id_permission_id_0cd325b0_uniq; Type: CONSTRAINT; Schema: public; Owner: dev1
--

ALTER TABLE ONLY public.auth_group_permissions
    ADD CONSTRAINT auth_group_permissions_group_id_permission_id_0cd325b0_uniq UNIQUE (group_id, permission_id);


--
-- Name: auth_group_permissions auth_group_permissions_pkey; Type: CONSTRAINT; Schema: public; Owner: dev1
--

ALTER TABLE ONLY public.auth_group_permissions
    ADD CONSTRAINT auth_group_permissions_pkey PRIMARY KEY (id);


--
-- Name: auth_group auth_group_pkey; Type: CONSTRAINT; Schema: public; Owner: dev1
--

ALTER TABLE ONLY public.auth_group
    ADD CONSTRAINT auth_group_pkey PRIMARY KEY (id);


--
-- Name: auth_permission auth_permission_content_type_id_codename_01ab375a_uniq; Type: CONSTRAINT; Schema: public; Owner: dev1
--

ALTER TABLE ONLY public.auth_permission
    ADD CONSTRAINT auth_permission_content_type_id_codename_01ab375a_uniq UNIQUE (content_type_id, codename);


--
-- Name: auth_permission auth_permission_pkey; Type: CONSTRAINT; Schema: public; Owner: dev1
--

ALTER TABLE ONLY public.auth_permission
    ADD CONSTRAINT auth_permission_pkey PRIMARY KEY (id);


--
-- Name: authtoken_token authtoken_token_pkey; Type: CONSTRAINT; Schema: public; Owner: dev1
--

ALTER TABLE ONLY public.authtoken_token
    ADD CONSTRAINT authtoken_token_pkey PRIMARY KEY (key);


--
-- Name: authtoken_token authtoken_token_user_id_key; Type: CONSTRAINT; Schema: public; Owner: dev1
--

ALTER TABLE ONLY public.authtoken_token
    ADD CONSTRAINT authtoken_token_user_id_key UNIQUE (user_id);


--
-- Name: django_admin_log django_admin_log_pkey; Type: CONSTRAINT; Schema: public; Owner: dev1
--

ALTER TABLE ONLY public.django_admin_log
    ADD CONSTRAINT django_admin_log_pkey PRIMARY KEY (id);


--
-- Name: django_content_type django_content_type_app_label_model_76bd3d3b_uniq; Type: CONSTRAINT; Schema: public; Owner: dev1
--

ALTER TABLE ONLY public.django_content_type
    ADD CONSTRAINT django_content_type_app_label_model_76bd3d3b_uniq UNIQUE (app_label, model);


--
-- Name: django_content_type django_content_type_pkey; Type: CONSTRAINT; Schema: public; Owner: dev1
--

ALTER TABLE ONLY public.django_content_type
    ADD CONSTRAINT django_content_type_pkey PRIMARY KEY (id);


--
-- Name: django_migrations django_migrations_pkey; Type: CONSTRAINT; Schema: public; Owner: dev1
--

ALTER TABLE ONLY public.django_migrations
    ADD CONSTRAINT django_migrations_pkey PRIMARY KEY (id);


--
-- Name: django_session django_session_pkey; Type: CONSTRAINT; Schema: public; Owner: dev1
--

ALTER TABLE ONLY public.django_session
    ADD CONSTRAINT django_session_pkey PRIMARY KEY (session_key);


--
-- Name: prompts_aiillustrationprompt prompts_aiillustrationprompt_pkey; Type: CONSTRAINT; Schema: public; Owner: dev1
--

ALTER TABLE ONLY public.prompts_aiillustrationprompt
    ADD CONSTRAINT prompts_aiillustrationprompt_pkey PRIMARY KEY (id);


--
-- Name: prompts_leadingquestion prompts_leadingquestion_pkey; Type: CONSTRAINT; Schema: public; Owner: dev1
--

ALTER TABLE ONLY public.prompts_leadingquestion
    ADD CONSTRAINT prompts_leadingquestion_pkey PRIMARY KEY (id);


--
-- Name: prompts_promptrecord prompts_promptrecord_pkey; Type: CONSTRAINT; Schema: public; Owner: dev1
--

ALTER TABLE ONLY public.prompts_promptrecord
    ADD CONSTRAINT prompts_promptrecord_pkey PRIMARY KEY (id);


--
-- Name: prompts_storystructure prompts_storystructure_pkey; Type: CONSTRAINT; Schema: public; Owner: dev1
--

ALTER TABLE ONLY public.prompts_storystructure
    ADD CONSTRAINT prompts_storystructure_pkey PRIMARY KEY (id);


--
-- Name: user_user user_user_email_key; Type: CONSTRAINT; Schema: public; Owner: dev1
--

ALTER TABLE ONLY public.user_user
    ADD CONSTRAINT user_user_email_key UNIQUE (email);


--
-- Name: user_user_groups user_user_groups_pkey; Type: CONSTRAINT; Schema: public; Owner: dev1
--

ALTER TABLE ONLY public.user_user_groups
    ADD CONSTRAINT user_user_groups_pkey PRIMARY KEY (id);


--
-- Name: user_user_groups user_user_groups_user_id_group_id_bb60391f_uniq; Type: CONSTRAINT; Schema: public; Owner: dev1
--

ALTER TABLE ONLY public.user_user_groups
    ADD CONSTRAINT user_user_groups_user_id_group_id_bb60391f_uniq UNIQUE (user_id, group_id);


--
-- Name: user_user user_user_pkey; Type: CONSTRAINT; Schema: public; Owner: dev1
--

ALTER TABLE ONLY public.user_user
    ADD CONSTRAINT user_user_pkey PRIMARY KEY (id);


--
-- Name: user_user_user_permissions user_user_user_permissions_pkey; Type: CONSTRAINT; Schema: public; Owner: dev1
--

ALTER TABLE ONLY public.user_user_user_permissions
    ADD CONSTRAINT user_user_user_permissions_pkey PRIMARY KEY (id);


--
-- Name: user_user_user_permissions user_user_user_permissions_user_id_permission_id_64f4d5b8_uniq; Type: CONSTRAINT; Schema: public; Owner: dev1
--

ALTER TABLE ONLY public.user_user_user_permissions
    ADD CONSTRAINT user_user_user_permissions_user_id_permission_id_64f4d5b8_uniq UNIQUE (user_id, permission_id);


--
-- Name: auth_group_name_a6ea08ec_like; Type: INDEX; Schema: public; Owner: dev1
--

CREATE INDEX auth_group_name_a6ea08ec_like ON public.auth_group USING btree (name varchar_pattern_ops);


--
-- Name: auth_group_permissions_group_id_b120cbf9; Type: INDEX; Schema: public; Owner: dev1
--

CREATE INDEX auth_group_permissions_group_id_b120cbf9 ON public.auth_group_permissions USING btree (group_id);


--
-- Name: auth_group_permissions_permission_id_84c5c92e; Type: INDEX; Schema: public; Owner: dev1
--

CREATE INDEX auth_group_permissions_permission_id_84c5c92e ON public.auth_group_permissions USING btree (permission_id);


--
-- Name: auth_permission_content_type_id_2f476e4b; Type: INDEX; Schema: public; Owner: dev1
--

CREATE INDEX auth_permission_content_type_id_2f476e4b ON public.auth_permission USING btree (content_type_id);


--
-- Name: authtoken_token_key_10f0b77e_like; Type: INDEX; Schema: public; Owner: dev1
--

CREATE INDEX authtoken_token_key_10f0b77e_like ON public.authtoken_token USING btree (key varchar_pattern_ops);


--
-- Name: django_admin_log_content_type_id_c4bce8eb; Type: INDEX; Schema: public; Owner: dev1
--

CREATE INDEX django_admin_log_content_type_id_c4bce8eb ON public.django_admin_log USING btree (content_type_id);


--
-- Name: django_admin_log_user_id_c564eba6; Type: INDEX; Schema: public; Owner: dev1
--

CREATE INDEX django_admin_log_user_id_c564eba6 ON public.django_admin_log USING btree (user_id);


--
-- Name: django_session_expire_date_a5c62663; Type: INDEX; Schema: public; Owner: dev1
--

CREATE INDEX django_session_expire_date_a5c62663 ON public.django_session USING btree (expire_date);


--
-- Name: django_session_session_key_c0390e0f_like; Type: INDEX; Schema: public; Owner: dev1
--

CREATE INDEX django_session_session_key_c0390e0f_like ON public.django_session USING btree (session_key varchar_pattern_ops);


--
-- Name: prompts_aiillustrationprompt_story_id_252229ee; Type: INDEX; Schema: public; Owner: dev1
--

CREATE INDEX prompts_aiillustrationprompt_story_id_252229ee ON public.prompts_aiillustrationprompt USING btree (story_id);


--
-- Name: prompts_promptrecord_illustration_prompt_id_66a910c8; Type: INDEX; Schema: public; Owner: dev1
--

CREATE INDEX prompts_promptrecord_illustration_prompt_id_66a910c8 ON public.prompts_promptrecord USING btree (illustration_prompt_id);


--
-- Name: prompts_storystructure_leading_question_id_3a8bff2c; Type: INDEX; Schema: public; Owner: dev1
--

CREATE INDEX prompts_storystructure_leading_question_id_3a8bff2c ON public.prompts_storystructure USING btree (leading_question_id);


--
-- Name: user_user_email_1c6f3d1a_like; Type: INDEX; Schema: public; Owner: dev1
--

CREATE INDEX user_user_email_1c6f3d1a_like ON public.user_user USING btree (email varchar_pattern_ops);


--
-- Name: user_user_groups_group_id_c57f13c0; Type: INDEX; Schema: public; Owner: dev1
--

CREATE INDEX user_user_groups_group_id_c57f13c0 ON public.user_user_groups USING btree (group_id);


--
-- Name: user_user_groups_user_id_13f9a20d; Type: INDEX; Schema: public; Owner: dev1
--

CREATE INDEX user_user_groups_user_id_13f9a20d ON public.user_user_groups USING btree (user_id);


--
-- Name: user_user_user_permissions_permission_id_ce49d4de; Type: INDEX; Schema: public; Owner: dev1
--

CREATE INDEX user_user_user_permissions_permission_id_ce49d4de ON public.user_user_user_permissions USING btree (permission_id);


--
-- Name: user_user_user_permissions_user_id_31782f58; Type: INDEX; Schema: public; Owner: dev1
--

CREATE INDEX user_user_user_permissions_user_id_31782f58 ON public.user_user_user_permissions USING btree (user_id);


--
-- Name: auth_group_permissions auth_group_permissio_permission_id_84c5c92e_fk_auth_perm; Type: FK CONSTRAINT; Schema: public; Owner: dev1
--

ALTER TABLE ONLY public.auth_group_permissions
    ADD CONSTRAINT auth_group_permissio_permission_id_84c5c92e_fk_auth_perm FOREIGN KEY (permission_id) REFERENCES public.auth_permission(id) DEFERRABLE INITIALLY DEFERRED;


--
-- Name: auth_group_permissions auth_group_permissions_group_id_b120cbf9_fk_auth_group_id; Type: FK CONSTRAINT; Schema: public; Owner: dev1
--

ALTER TABLE ONLY public.auth_group_permissions
    ADD CONSTRAINT auth_group_permissions_group_id_b120cbf9_fk_auth_group_id FOREIGN KEY (group_id) REFERENCES public.auth_group(id) DEFERRABLE INITIALLY DEFERRED;


--
-- Name: auth_permission auth_permission_content_type_id_2f476e4b_fk_django_co; Type: FK CONSTRAINT; Schema: public; Owner: dev1
--

ALTER TABLE ONLY public.auth_permission
    ADD CONSTRAINT auth_permission_content_type_id_2f476e4b_fk_django_co FOREIGN KEY (content_type_id) REFERENCES public.django_content_type(id) DEFERRABLE INITIALLY DEFERRED;


--
-- Name: authtoken_token authtoken_token_user_id_35299eff_fk_user_user_id; Type: FK CONSTRAINT; Schema: public; Owner: dev1
--

ALTER TABLE ONLY public.authtoken_token
    ADD CONSTRAINT authtoken_token_user_id_35299eff_fk_user_user_id FOREIGN KEY (user_id) REFERENCES public.user_user(id) DEFERRABLE INITIALLY DEFERRED;


--
-- Name: django_admin_log django_admin_log_content_type_id_c4bce8eb_fk_django_co; Type: FK CONSTRAINT; Schema: public; Owner: dev1
--

ALTER TABLE ONLY public.django_admin_log
    ADD CONSTRAINT django_admin_log_content_type_id_c4bce8eb_fk_django_co FOREIGN KEY (content_type_id) REFERENCES public.django_content_type(id) DEFERRABLE INITIALLY DEFERRED;


--
-- Name: django_admin_log django_admin_log_user_id_c564eba6_fk_user_user_id; Type: FK CONSTRAINT; Schema: public; Owner: dev1
--

ALTER TABLE ONLY public.django_admin_log
    ADD CONSTRAINT django_admin_log_user_id_c564eba6_fk_user_user_id FOREIGN KEY (user_id) REFERENCES public.user_user(id) DEFERRABLE INITIALLY DEFERRED;


--
-- Name: prompts_aiillustrationprompt prompts_aiillustrati_story_id_252229ee_fk_prompts_s; Type: FK CONSTRAINT; Schema: public; Owner: dev1
--

ALTER TABLE ONLY public.prompts_aiillustrationprompt
    ADD CONSTRAINT prompts_aiillustrati_story_id_252229ee_fk_prompts_s FOREIGN KEY (story_id) REFERENCES public.prompts_storystructure(id) DEFERRABLE INITIALLY DEFERRED;


--
-- Name: prompts_promptrecord prompts_promptrecord_illustration_prompt__66a910c8_fk_prompts_a; Type: FK CONSTRAINT; Schema: public; Owner: dev1
--

ALTER TABLE ONLY public.prompts_promptrecord
    ADD CONSTRAINT prompts_promptrecord_illustration_prompt__66a910c8_fk_prompts_a FOREIGN KEY (illustration_prompt_id) REFERENCES public.prompts_aiillustrationprompt(id) DEFERRABLE INITIALLY DEFERRED;


--
-- Name: prompts_storystructure prompts_storystructu_leading_question_id_3a8bff2c_fk_prompts_l; Type: FK CONSTRAINT; Schema: public; Owner: dev1
--

ALTER TABLE ONLY public.prompts_storystructure
    ADD CONSTRAINT prompts_storystructu_leading_question_id_3a8bff2c_fk_prompts_l FOREIGN KEY (leading_question_id) REFERENCES public.prompts_leadingquestion(id) DEFERRABLE INITIALLY DEFERRED;


--
-- Name: user_user_groups user_user_groups_group_id_c57f13c0_fk_auth_group_id; Type: FK CONSTRAINT; Schema: public; Owner: dev1
--

ALTER TABLE ONLY public.user_user_groups
    ADD CONSTRAINT user_user_groups_group_id_c57f13c0_fk_auth_group_id FOREIGN KEY (group_id) REFERENCES public.auth_group(id) DEFERRABLE INITIALLY DEFERRED;


--
-- Name: user_user_groups user_user_groups_user_id_13f9a20d_fk_user_user_id; Type: FK CONSTRAINT; Schema: public; Owner: dev1
--

ALTER TABLE ONLY public.user_user_groups
    ADD CONSTRAINT user_user_groups_user_id_13f9a20d_fk_user_user_id FOREIGN KEY (user_id) REFERENCES public.user_user(id) DEFERRABLE INITIALLY DEFERRED;


--
-- Name: user_user_user_permissions user_user_user_permi_permission_id_ce49d4de_fk_auth_perm; Type: FK CONSTRAINT; Schema: public; Owner: dev1
--

ALTER TABLE ONLY public.user_user_user_permissions
    ADD CONSTRAINT user_user_user_permi_permission_id_ce49d4de_fk_auth_perm FOREIGN KEY (permission_id) REFERENCES public.auth_permission(id) DEFERRABLE INITIALLY DEFERRED;


--
-- Name: user_user_user_permissions user_user_user_permissions_user_id_31782f58_fk_user_user_id; Type: FK CONSTRAINT; Schema: public; Owner: dev1
--

ALTER TABLE ONLY public.user_user_user_permissions
    ADD CONSTRAINT user_user_user_permissions_user_id_31782f58_fk_user_user_id FOREIGN KEY (user_id) REFERENCES public.user_user(id) DEFERRABLE INITIALLY DEFERRED;


--
-- PostgreSQL database dump complete
--

